PRES,HGHT,no TEMP,no DWPT,no RELH,no MIXR,DRCT,SKNT,no THTA,no THTE,no THTV,,THTA,THTE,THTV,MIXR,g/g mixr,vapour pressure,DWPT,RELH,no RELH,no DWPT,TEMP,k temp,k dep t,saturation vp,saturated mixr,6.53833504,,,,6.570893696,
1007.146309,103.9646562,18.56448874,10.79858251,62.69844345,8.414345672,146.1623043,7.714645499,291.18374,315.3212372,292.6602364,,291.1209946,9.46E+04,3.13E+02,1.21E+02,1.21E-01,1.96E+01,17.05120566,90.912743,87.46031131,17.05120566,18.56448874,291.7144887,290.2012057,2.16E+01,1.33E+00,0.605056154,,1.17548936,,,6.570893696
1002.241804,164.8745392,18.35764979,10.70250575,63.37806295,8.426211452,144.118491,7.613997757,291.430035,315.605322,292.9036502,,291.3210169,8.69E+04,3.13E+02,1.21E+02,1.21E-01,1.96E+01,17.01685461,91.89819128,87.32438741,17.01685461,18.35764979,291.5076498,290.1668546,2.13E+01,1.32E+00,73.0656795,,increase above temp inversion,,,
989.1762859,282.5046663,17.49270135,10.20959333,65.24416997,8.272584278,127.2674742,8.896347357,291.6719619,315.4412473,293.1203028,,291.5487235,5.74E+04,3.13E+02,1.20E+02,1.20E-01,1.91E+01,16.61668435,94.60404646,86.95116601,16.61668435,17.49270135,290.6427014,289.7666844,2.01E+01,1.27E+00,,,1.605056154,,,
960.8419789,532.8432237,15.53470383,9.023148685,69.22813838,7.904231873,119.5672247,9.808769032,292.1404805,314.9204605,293.5257353,,292.001653,2.11E+04,3.13E+02,1.15E+02,1.15E-01,1.78E+01,15.59404238,100.3808007,86.15437232,15.59404238,15.53470383,288.6847038,288.7440424,1.78E+01,1.15E+00,17.34449741,,,,,
937.0677774,746.2527336,14.14449741,7.307767179,68.69607196,7.276800577,128.7708802,10.1610043,292.8323285,313.9149418,294.1156837,,292.6852259,1.22E+04,3.09E+02,9.27E+01,9.27E-02,1.39E+01,13.87866087,85.87008995,100,11.81357812,14.14449741,287.2944974,287.0286609,1.62E+01,1.08E+00,,,L heat of evap,2.50E+06,,
916.7216435,932.7552797,13.13120218,5.287978576,65.77050562,6.57147775,142.3925725,10.16395409,293.6494409,312.8157435,294.8111625,,295.3486857,2.62E+04,3.13E+02,9.54E+01,9.54E-02,1.40E+01,11.85887227,82.21313203,65.77050562,11.9368806,14.94449741,288.0944974,285.0088723,1.71E+01,1.16E+00,,,Rv gas const,461,,
898.3961395,1103.806981,12.28557498,3.35382931,62.2139743,5.939536888,159.099994,10.59373311,294.4938597,311.9382997,295.5473221,,297.8841921,6.23E+04,3.16E+02,9.72E+01,9.72E-02,1.40E+01,9.924723006,77.76746788,62.2139743,11.87220232,15.74449741,288.8944974,283.074723,1.80E+01,1.25E+00,,,cp speif heat cap,1000,,
881.1037893,1269.182457,11.54704932,1.258120448,57.71202995,5.309409619,164.6834437,11.00784432,295.4010359,311.1175302,296.3451912,,300.3741151,1.51E+05,3.18E+02,9.67E+01,9.67E-02,1.37E+01,7.829014144,72.14003744,57.71202995,11.50712144,16.54449741,289.6944974,280.9790141,1.90E+01,1.34E+00,,,magnus coefficients,,,
864.0020979,1440.574583,10.80616237,-0.887368696,53.39790904,4.750755785,172.4748847,11.79328084,296.3856681,310.5569916,297.2336682,,302.8967953,4.05E+05,3.21E+02,9.61E+01,9.61E-02,1.33E+01,5.683525,66.7473863,53.39790904,11.09944948,17.34449741,290.4944974,278.833525,2.00E+01,1.44E+00,,,a,17.625,,
846.987339,1608.642966,10.14507863,-3.240622553,48.48034635,4.198180722,173.3721359,12.66476734,297.4078222,310.0422109,298.1603859,,303.9314579,3.15E+05,3.20E+02,8.48E+01,8.48E-02,1.16E+01,3.330271143,60.60043294,48.48034635,9.028398816,16.68341367,289.8334137,276.4802711,1.91E+01,1.40E+00,,,b,243.04,,
829.4064076,1785.886446,9.467496379,-5.851539429,43.13640657,3.653933073,171.4360145,13.59893765,298.5269756,309.6288038,299.1843018,,305.0454017,2.70E+05,3.19E+02,7.39E+01,7.39E-02,9.87E+00,0.719354267,53.92050821,43.13640657,6.678251227,16.00583142,289.1558314,273.8693543,1.83E+01,1.37E+00,,,,,,
811.567818,1970.277852,8.749740738,-8.54663658,38.35316719,3.165671894,169.5431073,14.50516227,299.6775721,309.3957472,300.2489417,,306.1862557,2.32E+05,3.18E+02,6.42E+01,6.42E-02,8.38E+00,-1.975742884,47.94145899,38.35316719,4.320893112,15.28807578,288.4380758,271.1742571,1.75E+01,1.34E+00,,,,,,
793.862313,2157.033929,7.974896406,-11.01333546,34.58549204,2.772883988,168.6785906,15.39405022,300.8029569,309.3966563,301.3058593,,307.2962297,1.79E+05,3.18E+02,5.62E+01,5.62E-02,7.18E+00,-4.442441764,43.23186505,34.58549204,2.150494061,14.51323145,287.6632314,268.7075582,1.66E+01,1.30E+00,,,epsilon (mixr),0.622,,
774.6300504,2364.42406,7.057795673,-13.57676301,31.08821336,2.409158162,169.7389853,16.0948085,301.9989103,309.5398684,302.4385826,,308.4725936,1.38E+05,3.18E+02,4.90E+01,4.90E-02,6.08E+00,-7.005869314,38.8602667,31.08821336,-0.157875257,13.59613071,286.7461307,266.1441307,1.56E+01,1.26E+00,,,,,,
755.1035402,2579.902502,6.030691343,-15.79805165,28.61520595,2.128288309,173.6866556,16.733065,303.1681928,309.8946986,303.5574943,,309.6202099,8.64E+04,3.18E+02,4.29E+01,4.29E-02,5.23E+00,-9.227157954,35.76900744,28.61520595,-2.20565667,12.56902638,285.7190264,263.922842,1.46E+01,1.20E+00,,,,,,
735.4172467,2805.224506,4.982878142,-17.94244854,26.43154714,1.888917581,176.6036272,17.11656273,304.4548554,310.4826359,304.8006171,,310.8242414,5.88E+04,3.18E+02,3.80E+01,3.80E-02,4.50E+00,-11.37155484,33.03943393,26.43154714,-4.197883748,11.52121318,284.6712132,261.7784452,1.36E+01,1.15E+00,,,,,,
714.5686879,3045.70648,3.712116184,-19.66307202,24.86246105,1.688963104,182.0647697,17.45336846,305.6412059,311.0851257,305.9520946,,311.9923596,3.55E+04,3.18E+02,3.39E+01,3.39E-02,3.89E+00,-13.09217832,31.07807631,24.86246105,-6.121551328,10.25045122,283.4004512,260.0578217,1.25E+01,1.09E+00,,,,,,
693.3240902,3296.199061,2.348516898,-21.45887989,23.48991791,1.510116767,184.6036766,17.73549429,306.839984,311.7556144,307.1197042,,313.1829275,1.94E+04,3.19E+02,2.99E+01,2.99E-02,3.35E+00,-14.88798619,29.36239739,23.48991791,-8.049336255,8.886851938,282.0368519,258.2620138,1.14E+01,1.02E+00,,,,,,
672.0198561,3554.416321,0.84379379,-23.09113251,22.891851,1.370225732,187.6038875,18.13829826,307.9800101,312.4797527,308.2356466,,314.3050256,1.07E+04,3.20E+02,2.72E+01,2.72E-02,2.94E+00,-16.52023881,28.61481375,22.891851,-9.687381998,7.38212883,280.5321288,256.6297612,1.03E+01,9.52E-01,,,,,,
650.4435108,3822.7144,-0.785955157,-24.80580056,22.11221132,1.231055985,190.1980838,18.71482003,309.1052684,313.1864995,309.3342721,,315.4091433,5.54E+03,3.20E+02,2.43E+01,2.43E-02,2.54E+00,-18.23490686,27.64026415,22.11221132,-11.53749851,5.752379883,278.9023799,254.9150931,9.19E+00,8.79E-01,,,,,,
627.9368965,4109.55311,-2.567406142,-26.56274101,21.81941321,1.118486203,193.7634342,19.29498136,310.2735528,314.0109489,310.4832816,,316.5667878,2.78E+03,3.21E+02,2.19E+01,2.19E-02,2.21E+00,-19.99184731,27.27426651,21.81941321,-13.2451581,3.970928898,277.1209289,253.1581527,8.11E+00,8.03E-01,,,,,,
606.3615614,4392.52702,-4.37714788,-28.06451729,21.76389837,1.022645063,197.0735043,20.00810987,311.37797,314.8227044,311.5695163,,317.6600527,1.42E+03,3.22E+02,1.99E+01,1.99E-02,1.94E+00,-21.49362359,27.20487296,21.76389837,-14.84319527,2.16118716,275.3111872,251.6563764,7.13E+00,7.31E-01,,,,,,
584.4769252,4689.152229,-6.343957557,-29.58207219,21.59344038,0.925924455,201.3010722,20.62974254,312.4641767,315.6141243,312.6387014,,318.723934,7.18E+02,3.22E+02,1.78E+01,1.78E-02,1.67E+00,-23.01117849,26.99180048,21.59344038,-16.64174593,0.194377483,273.3443775,250.1388215,6.19E+00,6.58E-01,,,,,,
562.6935127,4991.858466,-8.339848227,-31.36249051,21.70139457,0.839657311,205.158636,21.54819389,313.5975998,316.4770665,313.7562575,,319.8524181,3.83E+02,3.23E+02,1.60E+01,1.60E-02,1.45E+00,-24.79159681,27.12674321,21.70139457,-18.31310062,-1.801513187,271.3484868,248.3584032,5.35E+00,5.91E-01,,,,,,
541.3070506,5298.893859,-10.4676429,-32.80232474,22.10504402,0.775244135,207.8187824,22.45087936,314.6380423,317.3147074,314.7863946,,320.8806605,2.03E+02,3.24E+02,1.45E+01,1.45E-02,1.26E+00,-26.23143104,27.63130503,22.10504402,-19.94678148,-3.92930786,269.2206921,246.918569,4.57E+00,5.25E-01,,,,,,
520.3816353,5608.843696,-12.6235909,-34.66320459,22.07652638,0.687961639,210.3413541,23.60005463,315.6937837,318.0902175,315.8251613,,321.9203851,1.14E+02,3.24E+02,1.28E+01,1.28E-02,1.07E+00,-28.09231089,27.59565798,22.07652638,-21.83944103,-6.08525586,267.0647441,245.0576891,3.88E+00,4.64E-01,,,,,,
499.9169533,5922.944937,-14.8877178,-36.10371413,22.7000143,0.628605119,212.1374861,24.87995039,316.6729741,318.878143,316.7928726,,322.8748398,6.45E+01,3.25E+02,1.15E+01,1.15E-02,9.26E-01,-29.53282043,28.37501788,22.7000143,-23.50084489,-8.34938276,264.8006172,243.6171796,3.26E+00,4.06E-01,,,,,,
480.4197619,6230.749658,-17.10818194,-37.74350996,22.84109796,0.564516771,216.9779291,26.01401504,317.6515802,319.6469187,317.759467,,323.8309323,3.92E+01,3.26E+02,1.01E+01,1.01E-02,7.83E-01,-31.17261626,28.55137245,22.84109796,-25.3765415,-10.5698469,262.5801531,241.9773837,2.74E+00,3.55E-01,,,,,,
460.0812896,6566.134279,-19.54355352,-39.54323812,23.46830838,0.512162722,220.7047822,27.31620732,318.7060472,320.5289246,318.805018,,324.8212482,2.42E+01,3.27E+02,8.98E+00,8.98E-03,6.63E-01,-32.97234442,29.33538548,23.46830838,-27.21882274,-13.00521848,260.1447815,240.1776556,2.26E+00,3.06E-01,,,,,,
440.7264059,6891.947758,-21.95385542,-41.20926242,23.98663561,0.464485423,224.9662767,28.43181528,319.6864056,321.351465,319.7764941,,325.7918139,1.57E+01,3.27E+02,7.89E+00,7.89E-03,5.58E-01,-34.63836872,29.98329451,23.98663561,-29.10868996,-15.41552038,257.7344796,238.5116313,1.86E+00,2.63E-01,,,,,,
422.473034,7214.635614,-24.28671068,-43.04820276,24.18404496,0.409621677,226.0858429,29.68883976,320.7757577,322.2572376,320.8545885,,326.7722307,1.09E+01,3.28E+02,6.83E+00,6.83E-03,4.64E-01,-36.47730906,30.2300562,24.18404496,-31.08465857,-17.74837564,255.4016244,236.6726909,1.54E+00,2.26E-01,,,,,,
403.304841,7562.697589,-26.84172651,-45.06403781,24.38563631,0.356242399,229.1736494,31.08308033,321.8962255,323.1973178,321.9647212,,327.8279443,7.65E+00,3.29E+02,5.82E+00,5.82E-03,3.78E-01,-38.49314411,30.48204539,24.38563631,-33.26240912,-20.30339147,252.8466085,234.6568559,1.24E+00,1.91E-01,,,,,,
385.92172,7889.825907,-29.25260224,-46.9782826,24.77339617,0.31802626,232.8229513,32.45307188,322.9468745,324.1137526,323.0099047,,328.8194645,5.70E+00,3.30E+02,5.02E+00,5.02E-03,3.12E-01,-40.4073889,30.96674521,24.77339617,-35.24335479,-22.7142672,250.4357328,232.7426111,1.01E+00,1.62E-01,,,,,,
368.97871,8219.359089,-31.67677304,-48.81485376,24.92556721,0.276066771,233.8310568,33.90080474,324.0318351,325.0547576,324.0843355,,329.8447329,4.41E+00,3.31E+02,4.27E+00,4.27E-03,2.54E-01,-42.24396006,31.15695901,24.92556721,-37.34053693,-25.138438,248.011562,230.9060399,8.15E-01,1.37E-01,,,,,,
352.8830372,8543.570108,-34.00551446,-50.57622825,25.23905996,0.247930299,232.4363229,35.3256494,325.1969664,326.1208816,325.245416,,330.9423798,3.58E+00,3.32E+02,3.69E+00,3.69E-03,2.09E-01,-44.00533455,31.54882495,25.23905996,-39.29596121,-27.46717942,245.6828206,229.1446655,6.63E-01,1.17E-01,,,,,,
337.0255054,8873.372119,-36.35000906,-52.46374933,25.42987855,0.221692346,236.9467471,36.52729357,326.4419828,327.2720593,326.486043,,332.1230092,2.97E+00,3.33E+02,3.14E+00,3.14E-03,1.70E-01,-45.89285563,31.78734819,25.42987855,-41.31995051,-29.81167402,243.338326,227.2571444,5.36E-01,9.89E-02,,,,,,
321.7288651,9205.299715,-38.62745237,-54.64533528,25.1870366,0.184545888,239.2680741,37.91262736,327.8430086,328.5403622,327.8779606,,333.4145857,2.54E+00,3.34E+02,2.64E+00,2.64E-03,1.37E-01,-48.07444158,31.48379575,25.1870366,-43.44864441,-32.08911733,241.0608827,225.0755584,4.34E-01,8.39E-02,,,,,,
307.5888965,9519.878387,-40.75959967,-56.59672251,24.89586642,0.158381753,239.3745468,39.30099572,329.2183518,329.8231396,329.2488074,,334.7408984,2.24E+00,3.35E+02,2.23E+00,2.23E-03,1.11E-01,-50.02582881,31.11983303,24.89586642,-45.46440442,-34.22126463,238.9287354,223.1241712,3.55E-01,7.18E-02,,,,,,
293.345081,9850.513303,-42.93001922,-58.54063001,24.47407632,0.135320785,241.8532917,40.53696274,330.813802,331.3353954,330.8395988,,336.2287935,2.00E+00,3.37E+02,1.87E+00,1.87E-03,8.82E-02,-51.96973631,30.5925954,24.47407632,-47.56103389,-36.39168418,236.7583158,221.1802637,2.88E-01,6.12E-02,,,,,,
279.5599556,10183.20925,-45.01376903,-60.52479905,24.08333975,0.116055304,242.9097617,41.62535217,332.5901364,333.0408821,332.6123641,,337.8891015,1.82E+00,3.38E+02,1.58E+00,1.58E-03,7.08E-02,-53.95390535,30.10417469,24.08333975,-49.56737389,-38.47543399,234.674566,219.1960947,2.35E-01,5.24E-02,,,,,,
267.3183053,10493.46431,-46.84492817,-62.39019884,23.35443431,0.098468318,244.3526199,42.4901348,334.4566012,334.8412533,334.4747134,,339.5734579,1.69E+00,3.40E+02,1.33E+00,1.33E-03,5.73E-02,-55.81930514,29.19304289,23.35443431,-51.46980118,-40.30659313,232.8434069,217.3306949,1.96E-01,4.57E-02,,,,,,
254.9403482,10816.90057,-48.63434332,-64.32235219,23.005306,0.082427936,244.167024,43.48098878,336.6297019,336.9588328,336.6461908,,341.5639628,1.59E+00,3.42E+02,1.15E+00,1.15E-03,4.71E-02,-57.75145849,28.7566325,23.005306,-53.19516862,-42.09600828,231.0539917,215.3985415,1.64E-01,4.00E-02,,,,,,
243.4087454,11129.08779,-50.27720507,-66.06376243,22.26145869,0.068357373,245.7864855,44.51415007,338.8710689,339.1456999,338.8845268,,343.654739,1.51E+00,3.44E+02,9.85E-01,9.85E-04,3.85E-02,-59.49286873,27.82682336,22.26145869,-54.93411123,-43.73887003,229.41113,213.6571313,1.38E-01,3.54E-02,,,,,,
232.8192968,11428.39062,-51.7316852,-67.76494035,21.55147684,0.059770345,248.781046,45.06747694,341.2502593,341.4938993,341.2624318,,345.8476583,1.46E+00,3.46E+02,8.57E-01,8.57E-04,3.21E-02,-61.19404665,26.93934605,21.55147684,-56.49399718,-45.19335016,227.9566498,211.9559534,1.19E-01,3.18E-02,,,,,,
222.3282312,11735.39568,-53.18287729,-69.61049297,20.06411806,0.050525113,249.4056917,45.13851031,343.7640603,343.9706516,343.7734025,,348.2075727,1.41E+00,3.48E+02,7.17E-01,7.17E-04,2.56E-02,-63.03959927,25.08014758,20.06411806,-58.35585902,-46.64454225,226.5054578,210.1104007,1.02E-01,2.86E-02,,,,,,
212.4461121,12043.4072,-54.44229988,-71.30042196,18.49350101,0.042392892,251.2421443,45.03993673,346.6647316,346.8413799,346.6729619,,350.803568,1.37E+00,3.51E+02,6.06E-01,6.06E-04,2.07E-02,-64.72952826,23.11687626,18.49350101,-60.10900134,-47.90396484,225.2460352,208.4204717,8.95E-02,2.62E-02,,,,,,
202.5503326,12362.91056,-55.70195839,-72.95972039,17.24173872,0.034610499,251.8308635,44.78884093,349.7772777,349.9222262,349.783828,,353.6333194,1.34E+00,3.54E+02,5.17E-01,5.17E-04,1.68E-02,-66.38882669,21.5521734,17.24173872,-61.75576798,-49.16362335,223.9863767,206.7611733,7.81E-02,2.40E-02,,,,,,
193.1127247,12680.5877,-56.90892324,-74.47090962,16.34916058,0.028762062,253.3967823,44.71379103,352.98646,353.1084843,352.9928106,,356.5604244,1.31E+00,3.57E+02,4.52E-01,4.52E-04,1.40E-02,-67.90001592,20.43645073,16.34916058,-63.2136539,-50.3705882,222.7794118,205.2499841,6.85E-02,2.21E-02,,,,,,
184.3869444,12989.27765,-57.92749104,-75.87061565,15.47299355,0.024213039,255.0176359,44.35445761,356.408057,356.5137078,356.4134612,,359.6549467,1.29E+00,3.60E+02,4.00E-01,4.00E-04,1.19E-02,-69.29972195,19.34124194,15.47299355,-64.51203983,-51.389156,221.760844,203.8502781,6.13E-02,2.07E-02,,,,,,
175.7696947,13305.27967,-58.8909637,-77.27648393,14.08934237,0.019279755,254.2878356,43.54078688,360.0803459,360.1679162,360.085031,,363.0278262,1.27E+00,3.63E+02,3.43E-01,3.43E-04,9.70E-03,-70.70559023,17.61167796,14.08934237,-66.03619919,-52.35262866,220.7973713,202.4444098,5.51E-02,1.95E-02,,,,,,
167.5329114,13617.60532,-59.74157179,-78.66528983,12.64773098,0.016053831,257.7760804,42.83604516,363.9182571,363.9927694,363.922011,,366.6274147,1.26E+00,3.67E+02,2.94E-01,2.94E-04,7.92E-03,-72.09439613,15.80966373,12.64773098,-67.54884055,-53.20323675,219.9467633,201.0556039,5.01E-02,1.86E-02,,,,,,
159.458106,13934.97093,-60.61510601,-79.90995191,11.61677183,0.01306642,259.9340843,42.13897368,367.8433421,367.9071024,367.8463278,,370.3670834,1.25E+00,3.70E+02,2.57E-01,2.57E-04,6.59E-03,-73.33905821,14.52096479,11.61677183,-68.89962867,-54.07677097,219.073229,199.8109418,4.54E-02,1.77E-02,,,,,,
151.6997517,14254.84022,-61.40860064,-81.05802339,10.47744074,0.010869366,261.2635178,41.24458521,372.0125247,372.0684957,372.0148628,,374.3275087,1.24E+00,3.74E+02,2.23E-01,2.23E-04,5.43E-03,-74.48712969,13.09680093,10.47744074,-70.29584127,-54.8702656,218.2797344,198.6628703,4.15E-02,1.70E-02,,,,,,
144.5610143,14543.90746,-62.13520954,-82.04886038,9.640061366,0.009110665,260.0835916,39.65236184,375.6021994,375.6503874,375.6039906,,378.2602346,1.23E+00,3.78E+02,1.98E-01,1.98E-04,4.60E-03,-75.47796668,12.05007671,9.640061366,-71.48263521,-55.5968745,217.5531255,197.6720333,3.82E-02,1.64E-02,,,,,,
137.5394878,14857.52458,-62.83812759,-83.02739916,8.715134455,0.006916755,260.6716711,38.51259187,379.9164521,379.9556349,379.9182132,,382.4455437,1.22E+00,3.82E+02,1.73E-01,1.73E-04,3.84E-03,-76.45650546,10.89391807,8.715134455,-72.7571743,-56.29979255,216.8502075,196.6934945,3.52E-02,1.59E-02,,,,,,
131.1930933,15167.2575,-63.38579328,-83.8328464,8.125352043,0.006294105,258.4539096,36.82219751,384.5096078,384.5462194,384.511278,,386.6687592,1.22E+00,3.87E+02,1.59E-01,1.59E-04,3.36E-03,-77.2619527,10.15669005,8.125352043,-73.68316765,-56.84745824,216.3025418,195.8880473,3.31E-02,1.57E-02,,,,,,
124.9863799,15456.85119,-63.97709534,-84.64485057,7.433070585,0.004978936,259.8098827,35.490853,388.5692048,388.598954,388.5701709,,390.9939573,1.22E+00,3.91E+02,1.43E-01,1.43E-04,2.87E-03,-78.07395687,9.291338231,7.433070585,-74.76325368,-57.4387603,215.7112397,195.0760431,3.09E-02,1.54E-02,,,,,,
118.8604537,15764.02907,-64.51296297,-85.32821893,6.969410675,0.003873173,260.9420952,33.98960849,393.238944,393.2642934,393.2402983,,395.6688593,1.22E+00,3.96E+02,1.32E-01,1.32E-04,2.53E-03,-78.75732523,8.711763344,6.969410675,-75.62635591,-57.97462793,215.1753721,194.3926748,2.90E-02,1.52E-02,,,,,,
113.224357,16057.05983,-64.94922148,-85.96557387,6.35603852,0.002916462,259.8966176,32.8252725,397.9029074,397.9254276,397.9039848,,400.3910446,1.22E+00,4.00E+02,1.20E-01,1.20E-04,2.19E-03,-79.39468017,7.94504815,6.35603852,-76.58149798,-58.41088644,214.7391136,193.7553198,2.75E-02,1.51E-02,,,,,,
107.8993202,16348.38271,-65.34790471,-86.52729581,5.861388784,0.002319789,260.612148,31.50215454,402.6505501,402.6712172,402.6513117,,405.1918932,1.22E+00,4.05E+02,1.11E-01,1.11E-04,1.93E-03,-79.95640211,7.32673598,5.861388784,-77.4260347,-58.80956967,214.3404303,193.1935979,2.63E-02,1.51E-02,,,,,,
102.7008515,16639.22051,-65.70889535,-87.03430677,5.407156109,0.001846487,260.6019667,29.91714086,407.5151679,407.5343563,407.5161568,,410.2625445,1.22E+00,4.10E+02,1.03E-01,1.03E-04,1.70E-03,-80.46341307,6.758945136,5.407156109,-78.23088873,-59.17056031,213.9794397,192.6865869,2.52E-02,1.53E-02,,,,,,
97.99353113,16919.10221,-65.96345798,-87.44687959,5.142074192,0.001623969,258.9925134,28.35353314,412.4619743,412.480253,412.4625733,,415.310219,1.22E+00,4.15E+02,9.96E-02,9.96E-05,1.57E-03,-80.87598589,6.42759274,5.142074192,-78.75277526,-59.42512294,213.7248771,192.2740141,2.44E-02,1.55E-02,,,,,,
93.48596253,17196.39245,-66.18103676,-87.82809916,4.779920948,0.001343393,256.4973811,26.69043081,417.4817594,417.498491,417.4825002,,420.5128326,1.23E+00,4.21E+02,9.44E-02,9.44E-05,1.42E-03,-81.25720546,5.974901185,4.779920948,-79.38489307,-59.64270172,213.5072983,191.8927945,2.38E-02,1.58E-02,,,,,,
89.37671856,17458.75418,-66.30980641,-88.16033453,4.373298351,0.000891419,256.6055582,25.28867759,422.4395775,422.4566118,422.4398283,,425.6969475,1.24E+00,4.26E+02,8.91E-02,8.91E-05,1.28E-03,-81.58944083,5.466622939,4.373298351,-80.04075071,-59.77147137,213.3785286,191.5605592,2.34E-02,1.63E-02,,,,,,
85.6243393,17708.08333,-66.37428105,-88.45160547,4.106397337,0.000761726,252.7396878,24.21729308,427.3083086,427.3250354,427.3087512,,430.8207979,1.25E+00,4.31E+02,8.67E-02,8.67E-05,1.19E-03,-81.88071177,5.132996671,4.106397337,-80.48115517,-59.83594601,213.314054,191.2692882,2.33E-02,1.69E-02,,,,,,
81.99441868,17963.22816,-66.43416699,-88.7073306,3.903057095,0.000644961,251.6854993,23.02269569,432.4117381,432.427166,432.4120255,,436.069007,1.26E+00,4.36E+02,8.54E-02,8.54E-05,1.13E-03,-82.1364369,4.878821369,3.903057095,-80.84082073,-59.89583195,213.2541681,191.0135631,2.31E-02,1.75E-02,,,,,,
78.69311607,18207.8814,-66.36585276,-88.89294897,3.711530519,0.000512082,248.2742965,22.00727016,437.6490611,437.6664313,437.649805,,441.3658428,1.27E+00,4.41E+02,8.54E-02,8.54E-05,1.08E-03,-82.32205527,4.639413149,3.711530519,-81.09588234,-59.82751772,213.3224823,190.8279447,2.33E-02,1.84E-02,,,,,,
75.38571819,18458.86607,-66.28039063,-89.07536742,3.547937726,0.000472697,250.606823,21.05303113,443.0977748,443.1130583,443.0982841,,446.9983363,1.29E+00,4.47E+02,8.60E-02,8.60E-05,1.04E-03,-82.50447372,4.434922158,3.547937726,-81.30485708,-59.74205559,213.4079444,190.6455263,2.35E-02,1.94E-02,,,,,,
72.40495222,18688.01343,-66.19934794,-89.23966294,3.425613836,0.000351413,248.1819899,20.36150563,448.0188498,448.0355924,448.0195419,,452.3574541,1.31E+00,4.52E+02,8.74E-02,8.74E-05,1.02E-03,-82.66876924,4.282017295,3.425613836,-81.45590332,-59.6610129,213.4889871,190.4812308,2.38E-02,2.04E-02,,,,,,
69.55209366,18933.6845,-66.00284467,-89.37002958,3.233015774,0.000366714,246.2355247,19.5803267,453.7582133,453.7751457,453.758647,,458.0093188,1.33E+00,4.58E+02,8.77E-02,8.77E-05,9.83E-04,-82.79913588,4.041269718,3.233015774,-81.65595162,-59.46450963,213.6854904,190.3508641,2.43E-02,2.17E-02,,,,,,
66.76851625,19180.31675,-65.78289744,-89.47235325,3.088344315,0.000349552,244.3986901,18.81010152,459.6343079,459.6505815,459.6346973,,463.8678906,1.36E+00,4.64E+02,8.99E-02,8.99E-05,9.64E-04,-82.90145955,3.860430394,3.088344315,-81.76444797,-59.2445624,213.9054376,190.2485405,2.50E-02,2.33E-02,,,,,,
64.15445832,19424.07216,-65.56875456,-89.56424502,2.924260954,0.000375306,241.4475227,18.1879338,465.5039093,465.5240053,465.5049286,,469.6664163,1.39E+00,4.70E+02,9.07E-02,9.07E-05,9.36E-04,-82.99335132,3.655326193,2.924260954,-81.93107586,-59.03041952,214.1195805,190.1566487,2.56E-02,2.48E-02,,,,,,
61.65086494,19670.62275,-65.26786092,-89.63157026,2.742556462,0.000447341,237.9226096,17.20578724,471.7219452,471.7416323,471.7221893,,475.7114977,1.42E+00,4.76E+02,9.19E-02,9.19E-05,9.09E-04,-83.06067656,3.428195578,2.742556462,-82.08935796,-58.72952588,214.4204741,190.0893234,2.65E-02,2.68E-02,,,,,,
59.19004151,19924.58934,-64.9434461,-89.67008234,2.56723469,0.00060173,236.1461767,16.64893442,478.2379036,478.258377,478.2390262,,482.0140792,1.46E+00,4.82E+02,9.31E-02,9.31E-05,8.84E-04,-83.09918864,3.209043363,2.56723469,-82.24176337,-58.40511106,214.7448889,190.0508114,2.76E-02,2.90E-02,,,,,,
56.86033639,20171.60762,-64.64805249,-89.71666993,2.438122978,0.000791882,233.8148688,16.15754641,484.5745131,484.5960602,484.5755349,,488.2523323,1.51E+00,4.88E+02,9.51E-02,9.51E-05,8.70E-04,-83.14577623,3.047653723,2.438122978,-82.32949527,-58.10971745,215.0402826,190.0042238,2.85E-02,3.12E-02,,,,,,
54.63959087,20416.53258,-64.33365972,-89.75538258,2.313114241,0.000981791,229.7338223,15.71160168,490.9686395,490.993067,490.9696928,,494.569326,1.56E+00,4.95E+02,9.74E-02,9.74E-05,8.56E-04,-83.18448888,2.891392801,2.313114241,-82.4097781,-57.79532468,215.3546753,189.9655111,2.96E-02,3.37E-02,,,,,,
52.56434452,20653.62143,-63.96854569,-89.76591545,2.196115095,0.001122449,226.7474754,15.31146997,497.3818942,497.406823,497.382764,,500.9245182,1.62E+00,5.01E+02,1.00E-01,1.00E-04,8.48E-04,-83.19502175,2.745143869,2.196115095,-82.4484256,-57.43021065,215.7197894,189.9549783,3.09E-02,3.66E-02,,,,,,
50.53785163,20901.93964,-63.60359145,-89.75442424,2.094035111,0.00137229,222.3484893,15.28631779,504.1397356,504.1663073,504.1413606,,507.4458524,1.69E+00,5.07E+02,1.04E-01,1.04E-04,8.44E-04,-83.18353054,2.617543889,2.094035111,-82.46232166,-57.06525641,216.0847436,189.9664695,3.22E-02,3.97E-02,,,,,,
48.58859236,21156.50035,-63.18821092,-89.71030126,1.997508173,0.001666779,220.3198409,15.31604538,511.2879871,511.3198583,511.2891148,,514.1730798,1.77E+00,5.14E+02,1.08E-01,1.08E-04,8.45E-04,-83.13940756,2.496885216,1.997508173,-82.4374078,-56.64987588,216.5001241,190.0105924,3.38E-02,4.33E-02,,,,,,
46.67950352,21422.42305,-62.73561637,-89.64697603,1.880365086,0.001905955,219.7341772,15.06543393,518.9344786,518.9673508,518.9354633,,521.1887052,1.87E+00,5.21E+02,1.12E-01,1.12E-04,8.38E-04,-83.07608233,2.350456358,1.880365086,-82.46609507,-56.19728133,216.9527187,190.0739177,3.56E-02,4.75E-02,,,,,,
44.86218746,21676.13711,-62.28920158,-89.58999843,1.787383904,0.002300295,219.7641527,14.97836609,526.3371352,526.373776,526.3386098,,528.2262764,1.98E+00,5.28E+02,1.16E-01,1.16E-04,8.38E-04,-83.01910473,2.23422988,1.787383904,-82.44241855,-55.75086654,217.3991335,190.1308953,3.75E-02,5.20E-02,,,,,,
43.18480387,21924.50709,-61.82171966,-89.5024982,1.699179202,0.002639055,216.393365,15.00346837,533.7252888,533.7652451,533.7267438,,535.1629443,2.12E+00,5.35E+02,1.21E-01,1.21E-04,8.41E-04,-82.9316045,2.123974003,1.699179202,-82.40424604,-55.28338462,217.8666154,190.2183955,3.96E-02,5.70E-02,,,,,,
41.45033473,22187.46808,-61.30560963,-89.38459511,1.620141048,0.003018157,213.5344354,15.03296653,541.6985586,541.7424173,541.7008619,,542.7567855,2.29E+00,5.43E+02,1.28E-01,1.28E-04,8.50E-04,-82.81370141,2.02517631,1.620141048,-82.31438464,-54.76727459,218.3827254,190.3362986,4.20E-02,6.30E-02,,,,,,
39.76430059,22465.08087,-60.80904672,-89.27254446,1.527614895,0.003492361,212.9765938,15.15851501,550.1420142,550.1895818,550.1435451,,550.4901727,2.49E+00,5.51E+02,1.33E-01,1.33E-04,8.48E-04,-82.70165076,1.909518619,1.527614895,-82.30808735,-54.27071168,218.8792883,190.4483492,4.44E-02,6.95E-02,,,,,,
38.03305442,22748.62924,-60.23162654,-89.12190613,1.459430511,0.004202381,208.2105578,15.57144893,559.0625085,559.1171119,559.0644697,,559.0140928,2.76E+00,5.59E+02,1.41E-01,1.41E-04,8.65E-04,-82.55101243,1.824288139,1.459430511,-82.16599399,-53.6932915,219.4567085,190.5989876,4.74E-02,7.75E-02,,,,,,
36.50037252,23010.38737,-59.74628988,-88.99074511,1.39010882,0.004662252,207.8118644,15.76511924,567.1389492,567.1976073,567.1410544,,566.8801269,3.06E+00,5.67E+02,1.48E-01,1.48E-04,8.70E-04,-82.41985141,1.737636025,1.39010882,-82.11054163,-53.20795484,219.9420452,190.7301486,5.01E-02,8.53E-02,,,,,,
34.99042107,23298.56639,-59.26130617,-88.85160422,1.328758532,0.005334514,208.4611793,16.02306967,576.0999425,576.16408,576.1020694,,575.0364636,3.42E+00,5.75E+02,1.56E-01,1.56E-04,8.78E-04,-82.28071052,1.660948165,1.328758532,-82.0357454,-52.72297113,220.4270289,190.8692895,5.28E-02,9.39E-02,,,,,,
33.51070023,23567.81654,-58.79508604,-88.71636674,1.283326826,0.005925629,210.171611,16.43525605,584.5121903,584.580457,584.5150312,,583.4181842,3.85E+00,5.83E+02,1.65E-01,1.65E-04,8.93E-04,-82.14547304,1.604158533,1.283326826,-81.91333262,-52.256751,220.893249,191.004527,5.57E-02,1.03E-01,,,,,,
32.12689656,23848.85863,-58.29416528,-88.55533822,1.235493148,0.006586229,211.6197661,16.68301484,593.5404046,593.6153098,593.5434755,,591.8364518,4.44E+00,5.92E+02,1.76E-01,1.76E-04,9.09E-04,-81.98444452,1.544366435,1.235493148,-81.78709936,-51.75583024,221.3941698,191.1655555,5.88E-02,1.14E-01,,,,,,
30.83912392,24114.83724,-57.77046719,-88.38063198,1.18545157,0.007308811,210.2028915,17.11386126,602.2009347,602.2867048,602.2035446,,600.218103,5.19E+00,6.00E+02,1.87E-01,1.87E-04,9.24E-04,-81.80973828,1.481814463,1.18545157,-81.66684284,-51.23213215,221.9178679,191.3402617,6.23E-02,1.26E-01,,,,,,
29.57338318,24382.60717,-57.24827826,-88.18457015,1.145496088,0.008309787,209.7094763,17.251613,611.1241752,611.2162693,611.1273135,,608.8850463,6.14E+00,6.09E+02,1.99E-01,1.99E-04,9.45E-04,-81.61367645,1.43187011,1.145496088,-81.50650127,-50.70994322,222.4400568,191.5363236,6.60E-02,1.39E-01,,,,,,
28.42378856,24611.28908,-56.82550659,-88.03560458,1.114997348,0.008747349,207.8593793,17.70816429,618.5555966,618.6548605,618.5581147,,616.9991935,7.17E+00,6.17E+02,2.10E-01,2.10E-04,9.64E-04,-81.46471088,1.393746685,1.114997348,-81.37320711,-50.28717155,222.8628285,191.6852891,6.91E-02,1.51E-01,,,,,,
27.40209534,24840.30496,-56.43947651,-87.95018183,1.078524816,0.009266213,209.793239,18.245374,626.027026,626.1329456,626.0309384,,624.5728303,8.48E+00,6.25E+02,2.21E-01,2.21E-04,9.72E-04,-81.37928813,1.34815602,1.078524816,-81.3050858,-49.90114147,223.2488585,191.7707119,7.21E-02,1.64E-01,,,,,,
26.24072765,25143.17262,-55.91437622,-87.81039499,1.031747474,0.010273282,210.0715646,18.51779025,636.3050334,636.4237161,636.3095083,,633.8440899,1.06E+01,6.34E+02,2.33E-01,2.33E-04,9.85E-04,-81.23950129,1.289684343,1.031747474,-81.20857294,-49.37604118,223.7739588,191.9104987,7.64E-02,1.81E-01,,,,,,
25.22019465,25375.30413,-55.47966426,-87.62796854,1.008712859,0.011259433,214.6818839,18.80355451,644.3025542,644.4316872,644.308212,,642.3213413,1.30E+01,6.42E+02,2.48E-01,2.48E-04,1.01E-03,-81.05707484,1.260891074,1.008712859,-81.04357992,-48.94132922,224.2086708,192.0929252,8.00E-02,1.97E-01,,,,,,
24.23691466,25640.88851,-55.01668579,-87.43844369,0.979997997,0.012071269,214.9567446,19.27327688,653.4066235,653.5441849,653.4123215,,651.0101442,1.66E+01,6.51E+02,2.65E-01,2.65E-04,1.03E-03,-80.86754999,1.224997496,0.979997997,-80.89864926,-48.47835075,224.6716493,192.28245,8.41E-02,2.16E-01,,,,,,
