,palma,pure-40,pure-42,pure-45,palma_clean,pure_clean,palma_re-ordered,pure_re-ordered,palma_froz_frac,pure_froz_frac
0,-27.65536621356607,-28.626554515503706,-32.34449438177295,-30.618518950701134,-27.65536621356607,-28.626554515503706,-10.924266410001641,-18.64444965632539,0.0005490365834594719,0.0008533139679326447
1,-20.96863249030886,-30.779630556425218,-21.357549332598666,-30.56814769890301,-20.96863249030886,-30.779630556425218,-12.72933586995113,-19.588153125991376,0.0012795131157452289,0.0017930102498618075
2,-26.8554804304785,-27.961336810773194,-26.539881288881734,-27.39986082935779,-26.8554804304785,-27.961336810773194,-12.81649072637274,-19.588153125991376,0.0019324104748778194,0.002689515374792711
3,-21.074803045541817,-27.457388449869086,-32.11328840980662,-29.77676081351709,-21.074803045541817,-27.457388449869086,-12.993041685986357,-19.588153125991376,0.00261204000279205,0.003586020499723615
4,-29.531613906659654,-33.415776740309184,-28.804746461821765,-35.9674870529259,-29.531613906659654,-33.415776740309184,-12.993041685986357,-19.71624518045118,0.003265050003490063,0.004511838031635289
5,-27.383110052285264,-31.32210704404277,-22.090223520492,-27.058392731259612,-27.383110052285264,-31.32210704404277,-12.993041685986357,-21.357549332598666,0.003918060004188075,0.00586491813990358
6,-24.293849635764364,-39.189137136805314,-29.709663041192535,-27.39986082935779,-24.293849635764364,-39.189137136805314,-12.993041685986357,-21.84513522014999,0.004571070004886088,0.00699861436021795
7,-23.96346745128876,-32.77977060368401,-29.564170178121078,-32.977257870263706,-23.96346745128876,-32.77977060368401,-15.990120366533471,-22.090223520492,0.006429107988146134,0.008088153475056304
8,-24.403977030589566,-24.15903493142817,-28.804746461821765,-29.77676081351709,-24.403977030589566,-24.15903493142817,-16.800720676333025,-22.32211760312779,0.0075994020469979245,0.009194692032279806
9,-22.191802563236873,-32.7920777071454,-24.994104280709116,-30.141311967260332,-22.191802563236873,-32.7920777071454,-16.87060473006962,-22.443991229338764,0.008478902687151913,0.010272103261388051
10,-20.992389998572392,-37.2154333536287,-31.836650802084588,-31.69810210385231,-20.992389998572392,-37.2154333536287,-17.580643978399948,-22.523037779477715,0.009719333067242777,0.011339109172407706
11,-24.487557096736683,-28.191716862499167,-29.564170178121078,-31.50950635778581,-24.487557096736683,-28.191716862499167,-17.63725019812981,-22.585177389923075,0.010637048083926723,0.012404065139151715
12,-28.104048536010623,-32.7920777071454,-31.829357349192065,-29.563023475020856,-28.104048536010623,-32.7920777071454,-17.706766300417097,-22.622228316233375,0.011568887778344939,0.013459781807981927
13,-25.84256983023086,-30.989127500240826,-32.34449438177295,-27.111481439112563,-25.84256983023086,-30.989127500240826,-18.181280668210672,-22.707649770255696,0.012792679146486399,0.014549883273079616
14,-27.292357998524995,-31.26930160523751,-31.63457643281529,-28.82771313743145,-27.292357998524995,-31.26930160523751,-18.259194406348183,-22.74439383486509,0.013765179286188154,0.015614386031126729
15,-20.96863249030886,-28.191716862499167,-31.746417902320488,-31.2863109192468,-20.96863249030886,-28.191716862499167,-18.372500661052317,-22.895040519688518,0.014773971434187369,0.016765661186641467
16,-24.77879724380505,-30.778965254362642,-34.529820575158276,-31.021421943803187,-24.77879724380505,-30.778965254362642,-18.40587332443032,-23.057548955468015,0.015725858034593296,0.01793995490322131
17,-26.15814178763599,-24.15521655523824,-31.983496417239465,-30.566205897361137,-26.15814178763599,-24.15521655523824,-18.90768861212149,-23.19511163571691,0.017104876667030807,0.019108573114486507
18,-24.59189678880421,-35.08667262673926,-29.98977543763507,-28.1952491535814,-24.59189678880421,-35.08667262673926,-19.126594020027568,-23.432171066301,0.018264182633151636,0.020376304236928038
19,-24.872383095118238,-35.56017197373795,-30.272488993678106,-34.56217736713347,-24.872383095118238,-35.56017197373795,-19.250625388996447,-23.451941668767795,0.019350127864615468,0.021466838410338245
20,-22.915037553682776,-27.81736470987029,-22.443991229338764,-22.32211760312779,-22.915037553682776,-27.81736470987029,-19.420389964141048,-23.494463533765998,0.020496808413388124,0.022581049036679214
21,-25.273952687341,-33.19024995039226,-28.888526037516247,-28.1952491535814,-25.273952687341,-33.19024995039226,-19.68933309383382,-23.679819238060304,0.021770213474088373,0.023842969865095386
22,-24.6802359004651,-27.774230753004247,-32.120000717921755,-29.522738809003766,-24.6802359004651,-27.774230753004247,-19.811797412519155,-23.809864620903692,0.022901330539947813,0.025063634480641188
23,-24.636066344634656,-28.84419592239431,-31.710487815874902,-28.102019703632465,-24.636066344634656,-28.84419592239431,-19.90033248369754,-23.986927878086394,0.024003831792063085,0.026347848480541093
24,-27.152109641612,-29.960738703855434,-33.217999921998704,-26.456314155285003,-27.152109641612,-29.960738703855434,-20.019940971360782,-24.06843265838301,0.025154274848865055,0.02753893270144968
25,-26.49959334184053,-33.77178647877492,-33.36313801575586,-27.704121549156522,-26.49959334184053,-33.77178647877492,-20.302788685161378,-24.12086456704048,0.0265300484460057,0.028702881922491694
26,-24.703120187635996,-35.2192015243961,-34.68515488701866,-24.70348931710202,-24.703120187635996,-35.2192015243961,-20.30747785116489,-24.15521655523824,0.02755679801918905,0.029849288649118334
27,-25.249582785138998,-35.343262150517546,-30.756311649456553,-29.040049991083155,-25.249582785138998,-35.343262150517546,-20.325016570605996,-24.15903493142817,0.0286021012908516,0.03095971109286443
28,-27.672387465285862,-35.08667262673926,-29.424348325549026,-29.883190577127124,-27.672387465285862,-35.08667262673926,-20.60504566474429,-24.165244154666937,0.030031745842426905,0.03207365633835384
29,-26.15814178763599,-27.586839214365522,-34.83561293839281,-30.30533912527179,-26.15814178763599,-27.586839214365522,-20.707283414958415,-24.24966927846611,0.031221472579065504,0.03329556285300493
30,-18.90768861212149,-28.619945219397117,-28.345239955006765,-26.456314155285003,-18.90768861212149,-28.619945219397117,-20.897288112121455,-24.254592240874757,0.0325582178591355,0.034412399643957994
31,-26.50346356213806,-37.790164537710005,-31.08127892800186,,-26.50346356213806,-37.790164537710005,-20.96863249030886,-24.577185318110374,0.03372322397925036,0.03599493624921905
32,-24.903441194105948,-30.976749964354106,-29.085905314088862,,-24.903441194105948,-30.976749964354106,-20.96863249030886,-24.581893994579016,0.034777074728601934,0.03712688968488891
33,-25.92071106645133,-19.588153125991376,-27.73586692120214,,-25.92071106645133,-19.588153125991376,-20.992389998572392,-24.70348931710202,0.035871521997947166,0.03844116173466228
34,-19.420389964141048,-36.683660415708005,-19.71624518045118,,-19.420389964141048,-36.683660415708005,-21.0481970487952,-24.864529799877918,0.037024733896778725,0.03982975009396576
35,-26.406693696364474,-36.32328621208915,-30.045521114654306,,-26.406693696364474,-36.32328621208915,-21.066457882919234,-24.950266706432885,0.038115622833721025,0.04110900633490963
36,-20.707283414958415,-23.057548955468015,-29.694657079136555,,-20.707283414958415,-23.057548955468015,-21.074803045541817,-24.994104280709116,0.03918990848416531,0.04232515797450542
37,-28.805870443734676,-29.92303601357619,-28.09160287566376,,-28.805870443734676,-29.92303601357619,-21.104478245353487,-25.063242373278495,0.04030576951096452,0.04358932429408961
38,-25.284388452368912,-35.103118928291416,-26.33409048135249,,-25.284388452368912,-35.103118928291416,-21.22736423730694,-25.186728718841405,0.04160731392592083,0.04495682763079141
39,-28.805870443734676,-34.5749969117,-27.696572474882952,,-28.805870443734676,-34.5749969117,-21.22736423730694,-25.194423671642355,0.04267416812914958,0.046123654018892506
40,-26.406693696364474,-37.412101815708,-32.17953309635723,,-26.406693696364474,-37.412101815708,-21.541725804778974,-25.22793364297864,0.04438879452818722,0.047339626044979696
41,-22.595610613699733,-19.588153125991376,-32.26148964070487,,-22.595610613699733,-19.588153125991376,-21.69706314607042,-25.497497388692636,0.04579934257338271,0.04901241843800281
42,-22.37840483359877,-31.660490281611402,-26.478344066336568,,-22.37840483359877,-31.660490281611402,-21.760052344506033,-25.517806630466737,0.04702592988030012,0.050219349613247956
43,-25.87951757226571,-33.86197369242122,-33.929305441631655,,-25.87951757226571,-33.86197369242122,-21.883996488907755,-25.61602099161502,0.04839364268553355,0.05158502355330964
44,-27.92875109329737,-19.588153125991376,-22.707649770255696,,-27.92875109329737,-19.588153125991376,-21.9670244852855,-25.65632247050021,0.049681276790433535,0.05284041325990839
45,-20.897288112121455,-30.111784095607458,-27.21948398263603,,-20.897288112121455,-30.111784095607458,-22.002754121861905,-25.662254995772464,0.050867908089505004,0.05402713450108121
46,-25.87951757226571,-29.1864531669765,-27.50655087780112,,-25.87951757226571,-29.1864531669765,-22.072258902694568,-25.691298843990104,0.0521379126643641,0.05526411314973492
47,-27.04658388143097,-27.159835262982792,-32.04185844532768,,-27.04658388143097,-27.159835262982792,-22.144401626291263,-25.752441688931,0.05342126742945956,0.056574267040157056
48,-26.16995337713504,-27.917996074530596,-28.622404971081938,,-26.16995337713504,-27.917996074530596,-22.18594072323983,-25.888789920137086,0.05463650732044775,0.05805867464515753
49,-25.269630169296477,-37.47874369410473,-26.357767989486973,,-25.269630169296477,-37.47874369410473,-22.191802563236873,-26.077052260533563,0.05576626842865916,0.05967436246870812
50,-23.248554548077944,-27.917996074530596,-25.65632247050021,,-23.248554548077944,-27.917996074530596,-22.20237361925571,-26.137452751480478,0.05690868932103028,0.06100883375144327
51,-25.647985320448363,-27.648362971860017,12.46235164575362,,-25.647985320448363,-27.648362971860017,-22.25998744476266,-26.262804175045055,0.05817511618476839,0.06250341193987559
52,-27.629709455373483,-29.377477326714832,-31.610721559703357,,-27.629709455373483,-29.377477326714832,-22.33437120048919,-26.290409306339402,0.05949200422826465,0.06377236210006353
53,-23.417435778759728,-34.052896805043225,-18.64444965632539,,-23.417435778759728,-34.052896805043225,-22.36267248502195,-26.295392665734973,0.06069130330763128,0.06498793037326103
54,-23.03532456742176,-30.140741118152228,-30.371442903000652,,-23.03532456742176,-30.140741118152228,-22.37840483359877,-26.33409048135249,0.061858703912829466,0.0662888216606816
55,-26.645606545091557,-31.963918652516004,-27.739978673252,,-26.645606545091557,-31.963918652516004,-22.470019740930965,-26.347334629506893,0.06324125526834742,0.06752801761426444
56,-23.332995163418836,-28.21135236650937,-25.194423671642355,,-23.332995163418836,-28.21135236650937,-22.4791218971413,-26.357767989486973,0.06439663862771869,0.06876109320478754
57,-29.526770375476474,-26.643853589617418,-31.330868305109075,,-29.526770375476474,-26.643853589617418,-22.487238855290244,-26.37027398882053,0.06555006506542527,0.07000062569633228
58,-22.863081732534532,-33.12563876543064,-29.319100675853694,,-22.863081732534532,-33.12563876543064,-22.49583779411362,-26.456314155285003,0.06670573658663348,0.07143986691302132
59,-17.63725019812981,-22.523037779477715,-28.681965512660447,,-17.63725019812981,-22.523037779477715,-22.505703524809,-26.456314155285003,0.06786609246530306,0.07265071211493693
60,-29.769119397008996,-32.805826310611124,-29.154730291596785,,-29.769119397008996,-32.805826310611124,-22.505703524809,-26.478344066336568,0.06899719400639144,0.07392306110488098
61,-23.417435778759728,-32.13539550013449,-31.333169174985414,,-23.417435778759728,-32.13539550013449,-22.50833131534808,-26.539881288881734,0.07013648380390818,0.07530953250799835
62,-25.933921583941594,-34.64934822132623,-31.250239213907328,,-25.933921583941594,-34.64934822132623,-22.50833131534808,-26.623721645832052,0.07126771741364864,0.0767659448566772
63,-25.111576176635406,-35.08475551436155,-29.62541506877108,,-25.111576176635406,-35.08475551436155,-22.57113638154829,-26.643853589617418,0.07260096603943557,0.07804342108167345
64,-26.711240249459248,-37.869167,-26.262804175045055,,-26.711240249459248,-37.869167,-22.58855322603322,-26.730662587004833,0.07379225345652021,0.07952109778365457
65,-23.82424462862707,-27.27902406000663,-25.063242373278495,,-23.82424462862707,-27.27902406000663,-22.595610613699733,-26.737269012569463,0.07495092865156625,0.08076445511674378
66,-23.041717657253194,-23.432171066301,-26.290409306339402,,-23.041717657253194,-23.432171066301,-22.607276198387186,-26.74380722374221,0.07612583048623339,0.08200820799675994
67,-26.12939559499322,-27.89044874853823,-26.077052260533563,,-26.12939559499322,-27.89044874853823,-22.61974507906908,-26.791128424775412,0.07730465023248557,0.08337948438060697
68,-26.289493339513328,-29.658104118691064,-32.06192051396612,,-26.289493339513328,-29.658104118691064,-22.638356242016762,-26.820977289003,0.07850602371674369,0.08469991516814039
69,-26.938870740845037,-23.809864620903692,-24.06843265838301,,-26.938870740845037,-23.809864620903692,-22.646355376228332,-26.995851436285292,0.07967193385665615,0.0864877015519794
70,-25.223987392948214,-35.16924516783051,-30.082284710184418,,-25.223987392948214,-35.16924516783051,-22.654731679888545,-26.999486454490373,0.08083999391688025,0.08773505216698138
71,-24.536173934442793,1.1473727271245453,-27.294418023076613,,-24.536173934442793,-23.986927878086394,-22.667629988008045,-27.058392731259612,0.08202525929694009,0.08916486956149695
72,-23.13242712295435,-23.986927878086394,-26.730662587004833,,-23.13242712295435,-37.22311935605993,-22.775970930832788,-27.111481439112563,0.08356198742071329,0.09058064221654104
73,-23.13242712295435,-37.22311935605993,-25.517806630466737,,-23.13242712295435,-37.09625006224206,-22.78549246856033,-27.123112449304763,0.08474208396442548,0.09186086496911493
74,-25.220461783305517,-37.09625006224206,-31.625079167870506,,-25.220461783305517,-33.93581092590015,-22.819260839496003,-27.128981366777836,0.08601453318355264,0.09312237353249862
75,-27.81096939073878,-33.93581092590015,-31.52714406644699,,-27.81096939073878,-28.47590934825874,-22.82435538038162,-27.146979151114905,0.08718085294532668,0.0944266077149258
76,-27.886223141246283,-28.47590934825874,-30.00325238274077,,-27.886223141246283,-31.771954353780945,-22.830883662520854,-27.158918698027886,0.08835323322951182,0.09571113941009295
77,-26.711240249459248,-31.771954353780945,-29.339307073738517,,-26.711240249459248,-39.155859548241935,-22.84437143773043,-27.159835262982792,0.08955355203068548,0.09695741324955795
78,-26.446983800397792,-39.155859548241935,-32.62465918967312,,-26.446983800397792,-29.409735275356944,-22.84437143773043,-27.17652815034058,0.09070167449261733,0.09826081264650732
79,-27.054462312305713,-29.409735275356944,-30.46287495803634,,-27.054462312305713,-34.64044586901361,-22.863081732534532,-27.21948398263603,0.09192502497224278,0.09966189964495827
80,-27.60266226221147,-34.64044586901361,-30.288339127698574,,-27.60266226221147,-27.57631530348442,-22.915037553682776,-27.27902406000663,0.09328559648278711,0.10112839949557026
81,-25.41670396873985,-27.57631530348442,-29.325322575847032,,-25.41670396873985,-28.32300834657395,-22.963104413103302,-27.27984983980104,0.09463536327218701,0.1023799973676246
82,-23.794796928673506,-28.32300834657395,-29.332314824792775,,-23.794796928673506,-34.1029934376935,-22.970274310098684,-27.294418023076613,0.09581936193849652,0.1036838743822033
83,-24.53984864996345,-34.1029934376935,-35.20202372549707,,-24.53984864996345,-33.39058574760979,-23.002777611252835,-27.37990600172963,0.09711103155893329,0.10526173524348108
84,-27.375176609888047,-33.39058574760979,-35.85068161857291,,-27.375176609888047,-23.19511163571691,-23.03532456742176,-27.39986082935779,0.09840615480256376,0.10659248053263898
85,-25.889482332631662,-23.19511163571691,-34.66387417654853,,-25.889482332631662,-25.22793364297864,-23.041717657253194,-27.39986082935779,0.09959150664867204,0.10784650971537589
86,-27.68365166285402,-0.9022744661606015,-29.321535720246168,,-27.68365166285402,-29.105667378238845,-23.043146713121917,-27.404272916583672,0.10075579594792718,0.10911810691048364
87,-26.9186240984838,-25.22793364297864,-34.054696294574235,,-26.9186240984838,-22.895040519688518,-23.05055528309384,-27.404272916583672,0.10194667474367303,0.11037233802439725
88,-25.409862462588478,-29.105667378238845,-29.548885732443374,,-25.409862462588478,-34.94656978630428,-23.05055528309384,-27.457388449869086,0.10310515968394203,0.11184292608259652
89,-2.725746656964657,-22.895040519688518,-30.895082814937677,,-27.80593316367081,-36.277607439882885,-23.064496949176107,-27.470628009931268,0.10432670639864636,0.11315412317747366
90,-27.80593316367081,-34.94656978630428,-30.895082814937677,,-24.53984864996345,-32.881422296851184,-23.066147941059512,-27.48269585687714,0.10549344286639942,0.11446165213719318
91,-24.53984864996345,-36.277607439882885,-30.124239287232157,,-26.506262362399994,-32.81731619079894,-23.07515802207126,-27.50655087780112,0.10669437206965411,0.11581991716477066
92,-26.506262362399994,-32.881422296851184,-29.28239394446489,,-25.619797920152966,-32.67719467994071,-23.096093369498274,-27.5690640484199,0.10795194604933661,0.1173449102449084
93,-25.619797920152966,-32.81731619079894,-27.576782247758363,,-23.443848672445142,-34.14477671863903,-23.125050638538408,-27.57631530348442,0.1092495222955112,0.11863787957462729
94,-23.443848672445142,-32.67719467994071,-35.4529738864852,,-24.610528034868917,-33.08884263686315,-23.13242712295435,-27.576782247758363,0.11044697066276198,0.11990201491912893
95,-24.610528034868917,-34.14477671863903,-30.816706244694245,,-23.955006001435002,-33.08884263686315,-23.13242712295435,-27.586839214365522,0.11160957035394894,0.12120832869826235
96,-23.955006001435002,-33.08884263686315,-34.892065573158526,,-23.066147941059512,-27.123112449304763,-23.1562824720916,-27.648362971860017,0.11288846650962246,0.12274404826513635
97,-23.066147941059512,-33.08884263686315,-33.894681862275206,,-25.22920299259602,-29.880971520401445,-23.248554548077944,-27.648680909184375,0.11450673528802237,0.12401087684870933
98,-25.22920299259602,-27.123112449304763,-33.07122541278685,,-28.012071151292307,-33.952382571880015,-23.263391608815997,-27.667507750552236,0.1157489944269525,0.12536159845987738
99,-28.012071151292307,-29.880971520401445,-32.982089024829754,,-26.742250161241454,-28.50050714480829,-23.279927300439983,-27.673554939448433,0.11700128199470133,0.1266555538375536
100,-26.742250161241454,-33.952382571880015,-32.48926959169499,,-26.187732109569115,-27.667507750552236,-23.332995163418836,-27.696572474882952,0.11844067272121676,0.12802850884979008
101,-26.187732109569115,-28.50050714480829,-28.758016304803917,,-23.569748916240357,-36.0036832628403,-23.339163373552967,-27.704121549156522,0.11964497312002445,0.12933135924858102
102,-23.569748916240357,-27.667507750552236,-33.24452917230824,,-26.050298173598517,-29.69777608049431,-23.339163373552967,-27.73586692120214,0.1208179630525737,0.13074896382371837
103,-26.050298173598517,-36.0036832628403,-30.185007925878626,,-25.9215721017367,-31.524612530671057,-23.339163373552967,-27.739978673252,0.12199095298512297,0.13203794253358012
104,-25.9215721017367,-29.69777608049431,-27.470628009931268,,-22.33437120048919,-30.163925087514,-23.398315956659957,-27.774230753004247,0.12347609915277866,0.1334721402955783
105,-22.33437120048919,-31.524612530671057,-30.23261976393782,,-23.955006001435002,-31.79463867072334,-23.401729615607692,-27.79993788055034,0.12467024791008623,0.13486801854014782
106,-23.955006001435002,-30.163925087514,-33.183424056356955,,-27.712698013409998,-33.90352835383444,-23.417435778759728,-27.81206362999937,0.12593084462029705,0.13619973990474152
107,-27.712698013409998,-31.79463867072334,-30.681033781284782,,-25.22920299259602,-29.231124216498213,-23.417435778759728,-27.81736470987029,0.12710776840179513,0.13749883745135014
108,-25.22920299259602,-33.90352835383444,-26.37027398882053,,-26.603936843495852,-28.551923373351627,-23.443848672445142,-27.862042811683374,0.12842938650286417,0.13899485965854724
109,-26.603936843495852,-29.231124216498213,-31.245956891369467,,-24.05530550823742,-28.2343114141531,-23.460840327020673,-27.862042811683374,0.12970157490014073,0.1402700418572495
110,-24.05530550823742,-28.551923373351627,-33.650678498533544,,-25.14761444108333,-28.641106448937098,-23.512763300400884,-27.89044874853823,0.1311703421324469,0.141689532379782
111,-25.14761444108333,-28.2343114141531,-29.62116142163074,,-28.058616182331274,-31.758067677310642,-23.540291597586794,-27.89333957513706,0.1325070122036876,0.1429808329865029
112,-28.058616182331274,-28.641106448937098,-32.3991027389699,,-24.040659564992257,-26.995851436285292,-23.540291597586794,-27.917996074530596,0.1336901105269348,0.1443849648781343
113,-24.040659564992257,-31.758067677310642,-30.441224638747446,,-25.480501039743118,-26.623721645832052,-23.569748916240357,-27.917996074530596,0.13504198344137425,0.1456627079301532
114,-25.480501039743118,-26.995851436285292,-23.494463533765998,,-26.42814931841458,-26.295392665734973,-23.601972020140977,-27.961336810773194,0.13641280277939186,0.1471685657548938
115,-26.42814931841458,-26.623721645832052,-30.90219025967665,,-22.20237361925571,-32.27217856326381,-23.609081166567826,-28.02696745219981,0.13764044723875485,0.14879672913951977
116,-22.20237361925571,-26.295392665734973,-29.254283919116006,,-22.82435538038162,-35.4249091171293,-23.635005512506936,-28.09160287566376,0.1389794441277989,0.15042557083752406
117,-22.82435538038162,-32.27217856326381,-30.970706419320436,,-29.06620992354523,-30.40317658969001,-23.736878891778794,-28.102019703632465,0.14077146227984752,0.151767516505209
118,-29.06620992354523,-35.4249091171293,-23.451941668767795,,-24.66567280424598,-27.673554939448433,-23.74328032012272,-28.191716862499167,0.1420027261439123,0.15354220480853673
119,-24.66567280424598,-30.40317658969001,-30.752509055653086,,-26.72653933220775,-31.230603786758145,-23.750326845618027,-28.191716862499167,0.14323852404872214,0.1548324754371799
120,-26.72653933220775,-27.673554939448433,-30.847317947956846,,-29.289694223138447,-32.18971899239403,-23.77843236960368,-28.1952491535814,0.14460309572910815,0.15614230752021593
121,-29.289694223138447,-31.230603786758145,-32.45199141823223,,-24.770790878655603,-35.61941474526728,-23.779355514925,-28.1952491535814,0.145803822928851,0.1574327398137714
122,-24.770790878655603,-32.18971899239403,-24.24966927846611,,-28.10911614694735,-36.34750561299545,-23.794796928673506,-28.207326890028476,0.14709439177883904,0.1587911628752153
123,-28.10911614694735,-35.61941474526728,-32.20502088093584,,-28.248662582502472,-32.81927796975321,-23.817732806436425,-28.21135236650937,0.14843321859984868,0.16010499331285846
124,-28.248662582502472,-36.34750561299545,-29.11613985930167,,-27.531191541211285,-33.14958347360684,-23.82424462862707,-28.2343114141531,0.14967116993810706,0.16152751052431275
125,-27.531191541211285,-32.81927796975321,-29.228775199079003,,-25.993772443726694,-36.09601073813426,-23.866311184618915,-28.264341398391288,0.1511349284299727,0.16299290550454484
126,-25.993772443726694,-33.14958347360684,-36.95703946942641,,-27.837264455510002,-33.19166672613036,-23.879689720770546,-28.264341398391288,0.15241980480151934,0.16428649999267614
127,-27.837264455510002,-36.09601073813426,-24.581893994579016,,-27.457289450606545,-36.158912568713376,-23.887030681253655,-28.32300834657395,0.1536671857328693,0.16592378120203913
128,-27.457289450606545,-33.19166672613036,-23.679819238060304,,-25.675539616469088,-35.97923828460112,-23.89668910699736,-28.345239955006765,0.15493032946688434,0.16735131695907673
129,-25.675539616469088,-36.158912568713376,-30.429534590444003,,-25.698408788795398,-35.491683440639946,-23.89668910699736,-28.47590934825874,0.1561313397728292,0.16942607123118802
130,-25.698408788795398,-35.97923828460112,-34.45341597123683,,-25.55166251551229,-32.606699174405044,-23.897898988316204,-28.50050714480829,0.15734031576265425,0.1708768265485779
131,-25.55166251551229,9.73921537686706,-33.90088515272,,-27.457289450606545,-35.69001505125131,-23.91768123452226,-28.500961880072005,0.1586726245523718,0.17218397701462856
132,-27.457289450606545,-35.491683440639946,-27.404272916583672,,-25.55166251551229,-35.61941474526728,-23.933120680443025,-28.51978589966555,0.1599778928970898,0.17360298490205617
133,-25.55166251551229,-32.606699174405044,-33.75790115272001,,-25.76893128937102,-36.9155776324493,-23.933120680443025,-28.551923373351627,0.1611807341970679,0.17510536559885742
134,-25.76893128937102,-35.69001505125131,-22.74439383486509,,-29.089545858453207,-34.002476774893125,-23.955006001435002,-28.586826171978537,0.16253206497825612,0.17662777396721663
135,-29.089545858453207,-35.61941474526728,-32.638193824788296,,-25.254985313697567,-31.134757132430387,-23.955006001435002,-28.612788835877392,0.1637360062003173,0.17809773011430324
136,-25.254985313697567,-36.9155776324493,-37.37980295538369,,-29.716411248240757,-34.10869962356725,-23.958714863326044,-28.619945219397117,0.1649654844431276,0.17945214404429333
137,-29.716411248240757,-34.002476774893125,-27.158918698027886,,-22.25998744476266,-35.64186345841001,-23.96346745128876,-28.622404971081938,0.16620257442319455,0.1807775493663913
138,-22.25998744476266,-31.134757132430387,-40.7639184494783,,-25.84609061626105,-34.261384324140614,-23.972067377851726,-28.626554515503706,0.16746701933018543,0.18211392981971142
139,-25.84609061626105,-34.10869962356725,-27.404272916583672,,-27.711490455510003,-32.7966904375609,-23.987473200751396,-28.641106448937098,0.1687802161971432,0.18351734321256888
140,-27.711490455510003,-35.64186345841001,-38.13832330324069,,-27.203085304810696,-30.886170664065347,-24.00935430867538,-28.675349137169,0.17014084832803483,0.18504915795980123
141,-27.203085304810696,-34.261384324140614,-31.273010473159058,,-19.126594020027568,-33.530725076084394,-24.040659564992257,-28.681965512660447,0.17157093718457356,0.18640456326800334
142,-19.126594020027568,-32.7966904375609,-32.28353979483882,,-27.00879801700825,-29.865792260304257,-24.05530550823742,-28.735911375935878,0.17288444298338693,0.18807033548753518
143,-27.00879801700825,-30.886170664065347,-31.496383485560965,,-20.019940971360782,-33.14471772580435,-24.075410759584265,-28.735911375935878,0.1742389311348362,0.18938551265877668
144,-20.019940971360782,-33.530725076084394,-31.995315189446,,-26.384694967455996,-31.134757132430387,-24.08174831485624,-28.758016304803917,0.17549510847978755,0.19084738520113867
145,-26.384694967455996,-29.865792260304257,-0.21234285552230675,,-27.953630919860295,-36.65193725120575,-24.0923230570254,-28.804746461821765,0.17678301419866677,0.19247582905096008
146,-27.953630919860295,-33.14471772580435,-29.351404867209865,,-29.600804483607384,-35.803085155175545,-24.09772293390459,-28.804746461821765,0.17803375100140445,0.19379415664719954
147,-29.600804483607384,-31.134757132430387,-0.21234285552230675,,-26.384694967455996,-30.865718889526008,-24.101420745213996,-28.819740128023994,0.17927237019529005,0.19521404568104833
148,-26.384694967455996,-36.65193725120575,-33.14094033427467,,-27.251073208756793,-34.10869962356725,-24.121851285183148,-28.82771313743145,0.1806366642456803,0.1965874305671249
149,-27.251073208756793,-35.803085155175545,-33.614128152288,,-24.13540437300949,-32.34449438177295,-24.129977343239393,-28.834450337169002,0.18191025130104777,0.19795306123733394
150,-24.13540437300949,-30.865718889526008,-29.351404867209865,,-25.442044778472443,-21.357549332598666,-24.13482991762217,-28.84419592239431,0.18315981261501063,0.19934009932914254
151,-25.442044778472443,-34.10869962356725,-0.21234285552230675,,-22.50833131534808,-26.539881288881734,-24.13540437300949,-28.888526037516247,0.18437717993367084,0.20096862346431174
152,-22.50833131534808,,-0.21234285552230675,,-22.487238855290244,-32.11328840980662,-24.1385460502919,-28.902017555505452,0.1856143457534737,0.20238525929332402
153,-22.487238855290244,,-30.21292118528551,,-22.50833131534808,-28.804746461821765,-24.139449683867422,-28.906892875180887,0.1868345053548674,0.20374240113542977
154,-22.50833131534808,,-25.186728718841405,,-21.104478245353487,-22.090223520492,-24.143622845283844,-28.906892875180887,0.18808022559864862,0.20506540374020527
155,-21.104478245353487,,-36.37619001844592,,-27.44155441827558,-29.709663041192535,-24.145559199005497,-28.9566576908213,0.18930882803514418,0.20674371540695527
156,-27.44155441827558,,-30.83471229031348,,-24.396064015648065,-29.564170178121078,-24.148764272914427,-28.98997042514904,0.19054763603968491,0.20830836535840563
157,-24.396064015648065,,-30.27246876362058,,-26.46922146549385,-28.804746461821765,-24.15274632351366,-29.006022690607825,0.1917929360507491,0.20975124897890512
158,-26.46922146549385,,-31.671360756900004,,-25.261695519438,-24.994104280709116,-24.188717833704363,-29.01111212829649,0.1932942670363858,0.21111582471161666
159,-25.261695519438,,-28.02696745219981,,-24.65250232906801,-31.836650802084588,-24.189304271935004,-29.01111212829649,0.1945146700057134,0.21244359719407965
160,-24.65250232906801,,-30.5942113623017,,-24.00935430867538,-29.564170178121078,-24.190196014796978,-29.040049991083155,0.19573760232761556,0.21398460130089614
161,-24.00935430867538,,-26.74380722374221,,-23.401729615607692,-31.829357349192065,-24.190196014796978,-29.085905314088862,0.19695336383275602,0.2156536865705447
162,-23.401729615607692,,-27.81206362999937,,-25.103063319438,-32.34449438177295,-24.20086824011676,-29.105667378238845,0.1982565535487194,0.2171323099023493
163,-25.103063319438,,-24.950266706432885,,-27.144896926218053,-31.63457643281529,-24.23962064430907,-29.11613985930167,0.1997922636231383,0.2185430154239027
164,-27.144896926218053,,-31.814115756900005,,-24.52612127514145,-31.746417902320488,-24.284446032631738,-29.132155723245173,0.20138223005478761,0.21999654136870989
165,-24.52612127514145,,-33.449149079560925,,-23.096093369498274,-34.529820575158276,-24.285634257632523,-29.150488147990185,0.20261264166227047,0.22146913326825593
166,-23.096093369498274,,-25.61602099161502,,-26.3991632674602,-31.983496417239465,-24.288610606899393,-29.1535462958097,0.20385818071843576,0.22282665873760996
167,-26.3991632674602,,-34.33820505011866,,-24.1385460502919,-29.98977543763507,-24.293849635764364,-29.154730291596785,0.20512312369725164,0.22417005382380004
168,-24.1385460502919,,-24.165244154666937,,-25.798964888545328,-30.272488993678106,-24.305076174521414,-29.18381868773284,0.20643944925771232,0.2257293907038907
169,-25.798964888545328,,-24.577185318110374,,-25.966370424525454,-22.443991229338764,-24.32612450452901,-29.1864531669765,0.20784082001819632,0.22708556517078043
170,-25.966370424525454,,-31.48746966780267,,-26.567032363852913,-28.888526037516247,-24.327225206237273,-29.228775199079003,0.20907287272023062,0.22875258669785103
171,-26.567032363852913,,-31.25807607806306,,-25.15029979655478,-32.120000717921755,-24.36377815522209,-29.231124216498213,0.21061150129741027,0.23010881270084338
172,-25.15029979655478,,-31.08407189964537,,-26.846669708607166,-31.710487815874902,-24.391161457989774,-29.24643413053313,0.2120740766478324,0.23156787571306367
173,-0.1627783242279183,,-27.128981366777836,,-22.646355376228332,-33.217999921998704,-24.393673399935203,-29.246670560596986,0.21332190521571898,0.23290830117778305
174,-26.846669708607166,,-28.586826171978537,,-23.817732806436425,-33.36313801575586,-24.396064015648065,-29.254283919116006,0.21456891918442278,0.23430783269467514
175,-22.646355376228332,,-25.497497388692636,,-28.254831221539998,-34.68515488701866,-24.403977030589566,-29.28239394446489,0.21586502175193203,0.2358731641915754
176,-23.817732806436425,,-32.10491582430238,,-22.505703524809,-30.756311649456553,-24.412695545442283,-29.29650600904499,0.21716908523185566,0.23732767285929102
177,-28.254831221539998,,-31.753605120449908,,-22.84437143773043,-29.424348325549026,-24.416959722892106,-29.30490718334247,0.21843417655726613,0.23873694863209402
178,-22.505703524809,,-31.24449339681189,,-22.84437143773043,-34.83561293839281,-24.416959722892106,-29.319100675853694,0.2196613348525317,0.2401944465254859
179,-22.84437143773043,,-30.513923497099015,,-23.77843236960368,-28.345239955006765,-24.416959722892106,-29.321535720246168,0.22088849314779724,0.24155637529960713
180,-22.84437143773043,,-35.54253025442474,,-24.189304271935004,-31.08127892800186,-24.427003445718213,-29.325322575847032,0.22220701695554887,0.24292972531316415
181,-23.77843236960368,,-28.819740128023994,,-25.133668335791356,-29.085905314088862,-24.477724822039228,-29.332314824792775,0.22389863028812518,0.2443301220039459
182,-24.189304271935004,,-31.10507436647284,,-28.175507221540002,-27.73586692120214,-24.487557096736683,-29.339307073738517,0.2252192728679164,0.24573115873332396
183,-25.133668335791356,,-22.585177389923075,,-23.279927300439983,-19.71624518045118,-24.490294544529362,-29.342936422599035,0.22647529397026347,0.24710451564316438
184,-28.175507221540002,,-33.9849037808418,,-21.69706314607042,-30.045521114654306,-24.51010446184671,-29.343539196846066,0.22789032683280516,0.24845257867395865
185,-23.279927300439983,,-24.864529799877918,,-28.01685922154,-29.694657079136555,-24.517313123819125,-29.351404867209865,0.2291895535123315,0.24986252443358614
186,-21.69706314607042,,-30.017627225220647,,-22.505703524809,-28.09160287566376,-24.52311662467079,-29.351404867209865,0.23047629861867042,0.251205871339143
187,-28.01685922154,,-30.41544574764948,,-28.09133864356379,-26.33409048135249,-24.52612127514145,-29.36670379823868,0.23173718189447648,0.25268085531927226
188,-22.505703524809,,-31.446880658642733,,-26.46344222077777,-27.696572474882952,-24.529342335848337,-29.376866789520555,0.23300042283567918,0.2541128133052724
189,-28.09133864356379,,-33.45412387959288,,-21.541725804778974,-32.17953309635723,-24.531046677240067,-29.377477326714832,0.23424950423809665,0.25546263469520347
190,-26.46344222077777,,-29.1535462958097,,-22.144401626291263,-32.26148964070487,-24.536173934442793,-29.409735275356944,0.23553161476342768,0.25708916208065924
191,-21.541725804778974,,-29.63548268476958,,-24.95391982024274,-26.478344066336568,-24.53984864996345,-29.424348325549026,0.23680022418880178,0.2585635893885307
192,-22.144401626291263,,-32.14248524896725,,-27.80573490706095,-33.929305441631655,-24.53984864996345,-29.437124092318356,0.23803355868978515,0.2600231252713553
193,-24.95391982024274,,-29.343539196846066,,-24.757545864980806,-22.707649770255696,-24.545573208933952,-29.49922425914576,0.23932270842660378,0.26192177887232637
194,-27.80573490706095,,-32.47190899987701,,-23.07515802207126,-27.21948398263603,-24.545573208933952,-29.522738809003766,0.24055633063498832,0.26348175156871106
195,-24.757545864980806,,-27.48269585687714,,-25.350354995288974,-27.50655087780112,-24.560786336268347,-29.548885732443374,0.24193981209943802,0.2650674903167174
196,-23.07515802207126,,-27.27984983980104,,-23.601972020140977,-32.04185844532768,-24.583336830609813,-29.563023475020856,0.24339746936941908,0.266547344765873
197,-25.350354995288974,,-33.41131823678724,,-25.746790170335192,-28.622404971081938,-24.59189678880421,-29.564170178121078,0.2447181711265843,0.26791076840631745
198,-23.601972020140977,,-28.207326890028476,,-23.779355514925,-26.357767989486973,-24.59281725871784,-29.564170178121078,0.24596332750073813,0.2692638530952382
199,-25.746790170335192,,-30.216527831817007,,-24.757545864980806,-25.65632247050021,-24.607408472742307,-29.58652164861989,0.24734599045107084,0.27082153295679257
200,-23.779355514925,,-29.8726067030278,,-26.29061059360941,-31.610721559703357,-24.60750933943702,-29.602415756349806,0.24858373935326544,0.2723218554759239
201,-24.757545864980806,,-29.246670560596986,,-23.972067377851726,-18.64444965632539,-24.609710243930536,-29.62116142163074,0.2498428184080818,0.27384999574582475
202,-26.29061059360941,,-27.648680909184375,,-12.72933586995113,-30.371442903000652,-24.610007917254418,-29.62541506877108,0.2510827010449091,0.2752452087802894
203,-23.972067377851726,,-29.8726067030278,,-25.55814278768915,-27.739978673252,-24.610528034868917,-29.63548268476958,0.25232489426233007,0.2766950939634273
204,-12.72933586995113,,-29.49922425914576,,-21.760052344506033,-25.194423671642355,-24.636066344634656,-29.658104118691064,0.2538249016966346,0.278263685415366
205,-6.003341119134572,,-29.376866789520555,,-26.863440433317834,-31.330868305109075,-24.65250232906801,-29.68122787878991,0.2552332376165554,0.2798390835370536
206,-25.55814278768915,,-30.27860150015,,-26.43631165200735,-29.319100675853694,-24.65995964495827,-29.694657079136555,0.25654981607912486,0.28132475283603414
207,-21.760052344506033,,-32.712844900212495,,-26.602746966105865,-28.681965512660447,-24.66567280424598,-29.69777608049431,0.2578489111412508,0.2827135015264051
208,-26.863440433317834,,-31.502378438267325,,-27.063992430557846,-29.154730291596785,-24.6802359004651,-29.709663041192535,0.25924154033263763,0.28418640522475147
209,-26.43631165200735,,-32.45404202404781,,-21.0481970487952,-31.333169174985414,-24.699493317336223,-29.77676081351709,0.2606851784995001,0.2861910403347345
210,-26.602746966105865,,-28.9566576908213,,-26.602746966105865,-31.250239213907328,-24.699493317336223,-29.77676081351709,0.26192653649235487,0.28755385481251894
211,-27.063992430557846,,-32.528708620893894,,-22.819260839496003,-29.62541506877108,-24.703120187635996,-29.865792260304257,0.26320653802368627,0.2897805197684981
212,-21.0481970487952,,-29.602415756349806,,-15.990120366533471,-26.262804175045055,-24.708796074814153,-29.8726067030278,0.2645088389399858,0.29121383977486454
213,-26.602746966105865,,-32.8969811795311,,-21.9670244852855,-25.063242373278495,-24.7171036388608,-29.8726067030278,0.2658400148689563,0.29258104090056813
214,-22.819260839496003,,-25.662254995772464,,-24.188717833704363,-26.290409306339402,-24.753883505896457,-29.880971520401445,0.2674796851551025,0.29403055233103687
215,-15.990120366533471,,-27.79993788055034,,-24.89469755224614,-26.077052260533563,-24.7541421185294,-29.883190577127124,0.2687265841669198,0.2954200735078388
216,-21.9670244852855,,-31.02476093960946,,-29.401143821448677,-32.06192051396612,-24.757545864980806,-29.890239759896843,0.2700078102590834,0.296857768664734
217,-24.188717833704363,,-31.957513769245317,,-27.063992430557846,-24.06843265838301,-24.757545864980806,-29.92303601357619,0.2712520858823972,0.2985529969482801
218,-24.89469755224614,,-32.96503691546886,,-26.638380109809013,-30.082284710184418,-24.770790878655603,-29.960738703855434,0.27264214405032017,0.3003004051075604
219,-29.401143821448677,,-25.752441688931,,-27.778965676576647,-27.294418023076613,-24.77566979280604,-29.98977543763507,0.273941030802017,0.30196400776203003
220,-27.063992430557846,,-30.918320100748993,,-26.234186179099535,-26.730662587004833,-24.77879724380505,-30.00325238274077,0.27522095426403437,0.30347288623637436
221,-26.638380109809013,,-28.906892875180887,,-27.74500614449571,-25.517806630466737,-24.800244004061923,-30.009207504365335,0.27670558746495816,0.304906573337528
222,-27.778965676576647,,-33.228064861483865,,-24.101420745213996,-31.625079167870506,-24.84369379045105,-30.01637879720362,0.2784389782477092,0.3063532180321492
223,-26.234186179099535,,-33.316441247267726,,-18.40587332443032,-31.52714406644699,-24.872383095118238,-30.017627225220647,0.2800105645808982,0.30773979812485663
224,-27.74500614449571,,-33.02452360384423,,-26.651252674552282,-30.00325238274077,-24.88511902746006,-30.045521114654306,0.28140463156361323,0.3094008804521944
225,-24.101420745213996,,-28.906892875180887,,-27.048599493124545,-29.339307073738517,-24.89469755224614,-30.082284710184418,0.28276411560131937,0.31115625990767265
226,-18.40587332443032,,-33.02452360384423,,-16.800720676333025,-32.62465918967312,-24.903441194105948,-30.111784095607458,0.2841150375421667,0.3128395346757851
227,-26.651252674552282,,-32.83352294246134,,-25.133440518336503,-30.46287495803634,-24.916047605906368,-30.124239287232157,0.28551110155466264,0.31434765283295296
228,-27.048599493124545,,-33.249827387459,,-27.85421267992636,-30.288339127698574,-24.92636378165666,-30.140741118152228,0.28688207397927973,0.3158993231314235
229,-16.800720676333025,,-32.646659545623635,,-26.243822008007022,-29.325322575847032,-24.950205464934527,-30.141311967260332,0.28841043066138583,0.31728480524460717
230,-25.133440518336503,,-28.51978589966555,,-27.812925208657585,-29.332314824792775,-24.953400047596183,-30.141494072049635,0.28970147720044204,0.31866622967223457
231,-27.85421267992636,,-32.44880869766431,,-25.230443736548793,-35.20202372549707,-24.953400047596183,-30.163925087514,0.29095559614936173,0.3202839121775413
232,-26.243822008007022,,-30.95317868813338,,-28.121885294729545,-35.85068161857291,-24.95391982024274,-30.185007925878626,0.29221580174846434,0.3218892711183413
233,-27.812925208657585,,-27.5690640484199,,-24.97694569704291,-34.66387417654853,-24.95495179310868,-30.21231040909882,0.29348208331129705,0.32356317008498764
234,-25.230443736548793,,-29.437124092318356,,-27.395895210874947,-29.321535720246168,-24.97694569704291,-30.21292118528551,0.29499604438221105,0.3249524878260929
235,-28.121885294729545,,-32.06338682157333,,-24.991406193318,-34.054696294574235,-24.987389933834265,-30.214304362918636,0.29637522570508396,0.32635020432356576
236,-24.97694569704291,,-26.999486454490373,,-24.77566979280604,-29.548885732443374,-24.988848357788207,-30.216527831817007,0.2976484245852368,0.32775716202802774
237,-27.395895210874947,,-30.21231040909882,,-24.560786336268347,-30.895082814937677,-24.991406193318,-30.23261976393782,0.2989349206826588,0.32931538851171965
238,-24.991406193318,,-26.347334629506893,,-26.522256176582335,-30.895082814937677,-25.01414053947074,-30.25929251793048,0.3004640294314648,0.3309908261419455
239,-24.77566979280604,,-37.83002210441539,,-25.887200368518066,-30.124239287232157,-25.02562112901813,-30.25929251793048,0.301859680266627,0.33237572499609597
240,-24.560786336268347,,-38.607587409972524,,-24.0923230570254,-29.28239394446489,-25.027338788202478,-30.27246876362058,0.3031382337101607,0.3339059581133963
241,-26.522256176582335,,-34.59726096687428,,-26.20453849372873,-27.576782247758363,-25.043895161594822,-30.272488993678106,0.3045974362978751,0.3352916840781194
242,-25.887200368518066,,-32.38000253787923,,-24.60750933943702,-35.4529738864852,-25.091611575978302,-30.27860150015,0.30643885445477176,0.3367451674889866
243,-24.0923230570254,,-36.83265888859467,,-25.01414053947074,-30.816706244694245,-25.103063319438,-30.288339127698574,0.30784035310812474,0.33823969331205966
244,-26.20453849372873,,-32.79887440577616,,-26.98162862350859,-34.892065573158526,-25.111576176635406,-30.304280672942326,0.30920681541475925,0.3398046755706721
245,-24.60750933943702,,-22.622228316233375,,-22.78549246856033,-33.894681862275206,-25.133440518336503,-30.30533912527179,0.31073920550247236,0.3412035503960375
246,-25.01414053947074,,-30.664870020307166,,-27.157691542289523,-33.07122541278685,-25.133668335791356,-30.308263522110693,0.3120052010927138,0.34262361591409585
247,-26.98162862350859,,-31.171843456740195,,-35.46730079064801,-32.982089024829754,-25.134823547176637,-30.371442903000652,0.31328277870666876,0.3447278669745275
248,-22.78549246856033,,-27.862042811683374,,-25.249022360013786,-32.48926959169499,-25.14761444108333,-30.40317658969001,0.31470608545939993,0.3464795409464498
249,-27.157691542289523,,-31.184579727272546,,-27.361148135897732,-28.758016304803917,-25.15029979655478,-30.41544574764948,0.3160037057646192,0.3480114078958833
250,-35.46730079064801,,-31.532481893763173,,-27.154743227805454,-33.24452917230824,-25.152823375292833,-30.429534590444003,0.3172995552011981,0.34956530189784596
251,-25.249022360013786,,-31.532481893763173,,-22.830883662520854,-30.185007925878626,-25.18018304308796,-30.441224638747446,0.3189102105165966,0.35109281911436213
252,-27.361148135897732,,-30.564731419198356,,-26.407824591518974,-27.470628009931268,-25.18221380536666,-30.46287495803634,0.32020154914965343,0.3527367386869225
253,-27.154743227805454,,-31.606847055119477,,-23.736878891778794,-30.23261976393782,-25.19270028617951,-30.513923497099015,0.3216010345982634,0.35472439436837555
254,-22.830883662520854,,-31.47395356179409,,-26.373528444496117,-33.183424056356955,-25.21157687264051,-30.517502711096117,0.32310910088776085,0.35616271928124754
255,-26.407824591518974,,-27.862042811683374,,-23.987473200751396,-30.681033781284782,-25.220461783305517,-30.517502711096117,0.3244905100880074,0.3575594358274485
256,-23.736878891778794,,-33.63668869198663,,-24.09772293390459,-26.37027398882053,-25.223987392948214,-30.564731419198356,0.325803589394327,0.35951167080851126
257,-26.373528444496117,,-32.605632332917985,,-24.23962064430907,-31.245956891369467,-25.22920299259602,-30.566205897361137,0.3271389366391557,0.3609279596493339
258,-23.987473200751396,,-37.60315693090519,,-12.81649072637274,-33.650678498533544,-25.22920299259602,-30.56814769890301,0.3284069170137261,0.36234992303359476
259,-24.09772293390459,,-32.81029610978832,,-27.2939464445951,-29.62116142163074,-25.230443736548793,-30.5942113623017,0.3296911104305965,0.36405910484809934
260,-24.23962064430907,,-31.568852466825074,,-24.15274632351366,-32.3991027389699,-25.24025004015905,-30.618518950701134,0.3310877868871212,0.3657496954368877
261,-12.81649072637274,,-32.68884450825702,,-26.695082925168858,-30.441224638747446,-25.24025004015905,-30.655118668445862,0.3323563224690642,0.3675899077106988
262,-27.2939464445951,,-27.37990600172963,,-20.302788685161378,-23.494463533765998,-25.249022360013786,-30.664870020307166,0.33374081030828107,0.36911029877613916
263,-24.15274632351366,,-32.810973984699004,,-26.695082925168858,-30.90219025967665,-25.249582785138998,-30.681033781284782,0.3350172226216992,0.37070906151244853
264,-26.695082925168858,,-32.287188974229004,,-27.12781977395855,-29.254283919116006,-25.254985313697567,-30.752509055653086,0.336358180756472,0.37298014651101247
265,-20.302788685161378,,-27.89333957513706,,-24.148764272914427,-30.970706419320436,-25.261695519438,-30.756311649456553,0.3377171639392525,0.37443391235178625
266,11.148288505378,,-32.02613865922734,,-24.583336830609813,-23.451941668767795,-25.269453041135836,-30.778965254362642,0.3390908755473358,0.3761183852711492
267,-26.695082925168858,,-31.717659167706834,,-22.654731679888545,-30.752509055653086,-25.269630169296477,-30.779630556425218,0.34036326461210903,0.3775352287902924
268,-27.12781977395855,,-30.655118668445862,,-24.20086824011676,-30.847317947956846,-25.273952687341,-30.795760104316006,0.34169171516373303,0.3791425215322946
269,-24.148764272914427,,-30.141494072049635,,-26.515621971115056,-32.45199141823223,-25.284388452368912,-30.816706244694245,0.34310355561002287,0.3808108107039463
270,-24.583336830609813,,-34.938215117343994,,-24.305076174521414,-24.24966927846611,-25.291237038664114,-30.83471229031348,0.3444675875193154,0.3824445510405718
271,-22.654731679888545,,-29.58652164861989,,-25.498261665962993,-32.20502088093584,-25.33967748316279,-30.847317947956846,0.3464008808220412,0.3840127111102594
272,-24.20086824011676,,-35.802889503371276,,-26.529159969546882,-29.11613985930167,-25.350354995288974,-30.86058756971642,0.3478209148539286,0.38559032100233537
273,-26.515621971115056,,-32.43964544375734,,-22.58855322603322,-29.228775199079003,-25.361713610031998,-30.865718889526008,0.349251401492407,0.387067088335298
274,-24.305076174521414,,-34.670039817762216,,-23.125050638538408,-36.95703946942641,-25.38692383634717,-30.886170664065347,0.3508744739688421,0.38873715049726126
275,-25.498261665962993,,-28.902017555505452,,-22.002754121861905,-24.581893994579016,-25.398685377279033,-30.895082814937677,0.35231352935457577,0.39026331745351045
276,-26.529159969546882,,-28.500961880072005,,-10.924266410001641,-23.679819238060304,-25.409862462588478,-30.895082814937677,0.35374563042345475,0.3916773149805159
277,-22.58855322603322,,-24.12086456704048,,-18.259194406348183,-30.429534590444003,-25.41670396873985,-30.90219025967665,0.3551182789328538,0.39318174355759344
278,-23.125050638538408,,-33.459934370277004,,-24.92636378165666,-34.45341597123683,-25.43824274558626,-30.90953093348426,0.35669770179680105,0.3946898008650185
279,-22.002754121861905,,-33.32334362075022,,-18.372500661052317,-33.90088515272,-25.442044778472443,-30.91824257620312,0.35802969177040844,0.3962160990185557
280,-10.924266410001641,,-33.42096195099939,,-27.006958193970803,-27.404272916583672,-25.480501039743118,-30.918320100748993,0.3598514724642282,0.39763215353727
281,-18.259194406348183,,-31.627871584547933,,-24.52311662467079,-33.75790115272001,-25.49037265191965,-30.95317868813338,0.3612719918609608,0.39949711684548544
282,-24.92636378165666,,-30.009207504365335,,-25.569910649606353,-22.74439383486509,-25.498261665962993,-30.970706419320436,0.36266530475369263,0.4011407971075687
283,-18.372500661052317,,-33.03894768706463,,-24.284446032631738,-32.638193824788296,-25.55166251551229,-30.976749964354106,0.36470901911478354,0.4026368099507535
284,-27.006958193970803,,-34.02549752664516,,-19.250625388996447,-37.37980295538369,-25.55166251551229,-30.989127500240826,0.36599320580180744,0.40421599530525704
285,-24.52311662467079,,-29.18381868773284,,-22.970274310098684,-27.158918698027886,-25.55814278768915,-31.021421943803187,0.3673705393620059,0.4060570173637962
286,-25.569910649606353,,-33.82004216164635,,-24.987389933834265,-40.7639184494783,-25.569910649606353,-31.02476093960946,0.36882479340368235,0.4075206559762528
287,-24.284446032631738,,-34.54354149314996,,-23.263391608815997,-27.404272916583672,-25.58828637995369,-31.026062237104817,0.3703758754471367,0.4089577411125935
288,-19.250625388996447,,-31.026062237104817,,-24.393673399935203,-38.13832330324069,-25.619797920152966,-31.08127892800186,0.3721195981150755,0.4111080773353228
289,-22.970274310098684,,-30.91824257620312,,-24.916047605906368,-31.273010473159058,-25.647985320448363,-31.08407189964537,0.37381803906017225,0.4125676667385809
290,-24.987389933834265,,-30.25929251793048,,-24.609710243930536,-32.28353979483882,-25.675539616469088,-31.10507436647284,0.37551005403439214,0.41427003326180817
291,-23.263391608815997,,-35.01770228865171,,-24.13482991762217,-31.496383485560965,-25.698408788795398,-31.134757132430387,0.377136082314652,0.4160903272873885
292,-24.393673399935203,,-29.29650600904499,,-22.638356242016762,-31.995315189446,-25.723996458547457,-31.134757132430387,0.3788044411722693,0.4175152941616604
293,-24.916047605906368,,-30.25929251793048,,-24.800244004061923,-29.351404867209865,-25.735799257803702,-31.171843456740195,0.380271687034751,0.4194392838585972
294,-24.609710243930536,,-35.777382531821466,,-27.193304722323766,-33.14094033427467,-25.73645950309547,-31.184579727272546,0.3815749171020573,0.4210379065614882
295,-24.13482991762217,,-31.576550593695607,,-19.90033248369754,-33.614128152288,-25.746790170335192,-31.19563332419335,0.3830220755490822,0.42261489949221537
296,-22.638356242016762,,-34.46384522940994,,-21.883996488907755,-29.351404867209865,-25.754232834981483,-31.230603786758145,0.3844271638908841,0.42451800648690036
297,-24.800244004061923,,-30.86058756971642,,-27.14457448343855,-30.21292118528551,-25.756078096819053,-31.24449339681189,0.38574916796028985,0.42613679739134713
298,-27.193304722323766,,-34.99105717252401,,-24.36377815522209,-25.186728718841405,-25.76893128937102,-31.245956891369467,0.3872367766944903,0.42758681390665637
299,-19.90033248369754,,-30.214304362918636,,-26.081363696509488,-36.37619001844592,-25.798964888545328,-31.250239213907328,0.38898471552001473,0.429075667783254
300,-21.883996488907755,,-25.691298843990104,,-26.88337275639873,-30.83471229031348,-25.80040542286557,-31.25807607806306,0.3903031233395563,0.43061388130799844
301,-27.14457448343855,,-35.01770228865171,,-25.24025004015905,-30.27246876362058,-25.826073727210016,-31.26930160523751,0.39198940623181133,0.4321996497812965
302,-24.36377815522209,,-34.90169099688043,,-18.181280668210672,-31.671360756900004,-25.826073727210016,-31.273010473159058,0.39328738439814187,0.4336822076182923
303,-26.081363696509488,,-30.304280672942326,,-22.667629988008045,-28.02696745219981,-25.826073727210016,-31.2863109192468,0.39458536256447235,0.4352985562885494
304,-26.88337275639873,,-26.137452751480478,,-22.470019740930965,-30.5942113623017,-25.82766906666093,-31.32210704404277,0.395907795408587,0.4372301430840099
305,-25.24025004015905,,-35.313054269188264,,-25.24025004015905,-26.74380722374221,-25.838764259200225,-31.330868305109075,0.3973764876357739,0.43878638531977693
306,-18.181280668210672,,-32.041105018730796,,-25.33967748316279,-27.81206362999937,-25.84256983023086,-31.333169174985414,0.3987338210613996,0.4402526565655427
307,-22.667629988008045,,-29.68122787878991,,-26.722507806078806,-24.950266706432885,-25.84609061626105,-31.446880658642733,0.4000871286534284,0.4432896334640105
308,-22.470019740930965,,-29.342936422599035,,-22.49583779411362,-31.814115756900005,-25.86399984214059,-31.47395356179409,0.4016642405691958,0.4451117566288834
309,-25.24025004015905,,-35.250274612195355,,-26.354759729581254,-33.449149079560925,-25.867462864095316,-31.483967291561765,0.40301807912759546,0.4466943224832585
310,-25.33967748316279,,-29.36670379823868,,-22.61974507906908,-25.61602099161502,-25.87951757226571,-31.48746966780267,0.40450655705312416,0.4481851238976533
311,11.81679928060884,,-27.146979151114905,,-26.354759729581254,-34.33820505011866,-25.87951757226571,-31.48883384687454,0.40580722122371304,0.44964571345530063
312,-26.722507806078806,,-30.308263522110693,,-26.792389442366908,-24.165244154666937,-25.887200368518066,-31.48883384687454,0.4072287426292746,0.4510868856138112
313,-22.49583779411362,,-29.006022690607825,,-25.027338788202478,-24.577185318110374,-25.889482332631662,-31.496383485560965,0.4085658049432591,0.45263655411576414
314,-26.354759729581254,,-32.51323674789254,,-27.393923281996276,-31.48746966780267,-25.92071106645133,-31.502378438267325,0.4103613647683061,0.45416450003051945
315,-22.61974507906908,,-32.2209308728619,,-26.604637156632908,-31.25807607806306,-25.9215721017367,-31.50950635778581,0.41167777393523514,0.4557093803415094
316,-26.354759729581254,,-29.890239759896843,,-25.043895161594822,-31.08407189964537,-25.933921583941594,-31.524612530671057,0.4131773027294626,0.4573706645417792
317,2.3309539548083613,,-35.563210351379674,,-26.17514876058576,-27.128981366777836,-25.940538697010975,-31.52714406644699,0.4145864570780227,0.4588503185231553
318,-26.792389442366908,,-36.385154356341936,,-27.393923281996276,-28.586826171978537,-25.94063346169169,-31.532481893763173,0.41589170738439235,0.4603711758139489
319,-25.027338788202478,,-30.517502711096117,,-28.930278978948916,-25.497497388692636,-25.957258432457618,-31.532481893763173,0.4174628175726874,0.4618143456440866
320,-27.393923281996276,,-30.517502711096117,,-26.58446686363951,-32.10491582430238,-25.962249027818967,-31.568852466825074,0.41884790194849714,0.46379185150808927
321,-26.604637156632908,,-28.735911375935878,,-24.08174831485624,-31.753605120449908,-25.966370424525454,-31.576550593695607,0.42021942153245323,0.4653501348189316
322,-25.043895161594822,,-28.98997042514904,,-26.85865944409644,-31.24449339681189,-25.968973992248195,-31.606847055119477,0.4215667157459821,0.4672431933698827
323,-26.17514876058576,,-32.40871244166435,,-27.362831614910466,-30.513923497099015,-25.97540576543692,-31.610721559703357,0.4229766091431568,0.46874722075114295
324,-27.393923281996276,,-26.791128424775412,,-16.87060473006962,-35.54253025442474,-25.97869639029778,-31.625079167870506,0.424335841547717,0.4704075338085059
325,-28.930278978948916,,-30.90953093348426,,-25.19270028617951,-28.819740128023994,-25.991753659312636,-31.627871584547933,0.42585542386786523,0.47189660523519056
326,-26.58446686363951,,-27.17652815034058,,-28.899482976423226,-31.10507436647284,-25.993772443726694,-31.63457643281529,0.4271949065811844,0.47344448589314536
327,-24.08174831485624,,-31.483967291561765,,-30.07039926592525,-22.585177389923075,-26.0040376793234,-31.660490281611402,0.4286705330525186,0.47528134219564605
328,-26.85865944409644,,-32.242546352894934,,-26.560471371149116,-33.9849037808418,-26.01544502645818,-31.671360756900004,0.43016607619799085,0.4768940537311081
329,-27.362831614910466,,-28.735911375935878,,-25.838764259200225,-24.864529799877918,-26.019729556324634,-31.69810210385231,0.43154463201953214,0.478747463596417
330,-16.87060473006962,,-35.785585575671135,,-27.208201813275632,-30.017627225220647,-26.047859378563757,-31.710487815874902,0.43332029790730203,0.48038584606948354
331,-25.19270028617951,,-34.87963047789144,,-26.560471371149116,-30.41544574764948,-26.050298173598517,-31.717659167706834,0.43467011592532734,0.48194613067941344
332,-28.899482976423226,,-34.25743251289493,,-28.24025263577863,-31.446880658642733,-26.081363696509488,-31.746417902320488,0.4364992777297598,0.48383607749036484
333,-30.07039926592525,,-32.54137316097312,,-29.48337157008727,-33.45412387959288,-26.115922027726914,-31.753605120449908,0.43839019353742836,0.4853989055101883
334,-26.560471371149116,,-26.737269012569463,,-29.071216002198003,-29.1535462958097,-26.11897476985185,-31.758067677310642,0.43975413675571345,0.4869206164004869
335,-25.838764259200225,,-32.5496971108663,,-24.391161457989774,-29.63548268476958,-26.12939559499322,-31.771954353780945,0.441242810433455,0.48858765945279525
336,-27.208201813275632,,-28.264341398391288,,-26.115922027726914,-32.14248524896725,-26.130772712998564,-31.776363545330913,0.4425793574608566,0.4901097955360826
337,-26.560471371149116,,-30.01637879720362,,-29.612862608388586,-29.343539196846066,-26.130772712998564,-31.79463867072334,0.4438926493227583,0.49184683413685837
338,-28.24025263577863,,-25.888789920137086,,-28.005696431873275,-32.47190899987701,-26.15814178763599,-31.814115756900005,0.44567224483236056,0.49360419429023866
339,-29.48337157008727,,-28.264341398391288,,-28.458850019258918,-27.48269585687714,-26.15814178763599,-31.829357349192065,0.44698691222124665,0.49529742866065285
340,-29.071216002198003,,-31.19563332419335,,-27.746591894331253,-27.27984983980104,-26.16995337713504,-31.836650802084588,0.44850400814168195,0.49686801321202245
341,-24.391161457989774,,-29.132155723245173,,-26.59167752632105,-33.41131823678724,-26.17514876058576,-31.957513769245317,0.44990856942056406,0.500216919070725
342,-26.115922027726914,,-31.48883384687454,,-27.422178569322824,-28.207326890028476,-26.187732109569115,-31.963918652516004,0.4514410114366425,0.5017800876011811
343,1.184287092459298,,-31.48883384687454,,-24.753883505896457,-30.216527831817007,-26.20453849372873,-31.983496417239465,0.45304772993814657,0.5035512375154428
344,-29.612862608388586,,-29.24643413053313,,-27.422178569322824,-29.8726067030278,-26.234186179099535,-31.995315189446,0.4548787951625548,0.5052016660547135
345,-28.005696431873275,,-33.02291625316672,,-27.214631170606193,-29.246670560596986,-26.243822008007022,-32.02613865922734,0.45636484590077,0.5071541278166831
346,-28.458850019258918,,-28.612788835877392,,-23.91768123452226,-27.648680909184375,-26.24832410494014,-32.041105018730796,0.45776233456709897,0.5088575779209311
347,-27.746591894331253,,-26.820977289003,,-26.51428826700733,-29.8726067030278,-26.265371995711718,-32.04185844532768,0.4593797009137376,0.5103360262234197
348,-26.59167752632105,,-30.795760104316006,,-28.222299387459405,-29.49922425914576,-26.265371995711718,-32.06192051396612,0.46069975752555864,0.5121229591674771
349,-27.422178569322824,,13.14205208406459,,-26.80351980422761,-29.376866789520555,-26.267571004602033,-32.06338682157333,0.46205849570179675,0.5136138485416649
350,-24.753883505896457,,-31.776363545330913,,-29.729628302667088,-30.27860150015,-26.267571004602033,-32.10491582430238,0.4633786628323733,0.5157484581001042
351,-27.422178569322824,,-21.84513522014999,,-27.422178569322824,-32.712844900212495,-26.289493339513328,-32.11328840980662,0.4650866573483427,0.5173527112696696
352,-27.214631170606193,,-29.30490718334247,,-26.990308177804355,-31.502378438267325,-26.29061059360941,-32.120000717921755,0.4664277477222308,0.5189309073769637
353,-23.91768123452226,,-24.254592240874757,,-26.990308177804355,-32.45404202404781,-26.347861741573784,-32.13539550013449,0.468767655876595,0.5206503893744334
354,-26.51428826700733,,-29.01111212829649,,-25.723996458547457,-28.9566576908213,-26.354759729581254,-32.14248524896725,0.47021493044464757,0.5222363441704581
355,-28.222299387459405,,-32.977515023555206,,-27.797939784109424,-32.528708620893894,-26.354759729581254,-32.17953309635723,0.4715394795444916,0.5243110644756909
356,-26.80351980422761,,-33.217829307709245,,-25.826073727210016,-29.602415756349806,-26.35756394410128,-32.18971899239403,0.47291434259857884,0.5259502764977678
357,-29.729628302667088,,-28.834450337169002,,-27.83177342767615,-32.8969811795311,-26.373528444496117,-32.20502088093584,0.4745262742484502,0.5276742456298322
358,-27.422178569322824,,-29.01111212829649,,-20.30747785116489,-25.662254995772464,-26.384694967455996,-32.2209308728619,0.47605324174966884,0.5294096069376637
359,-26.990308177804355,,-28.675349137169,,-25.940538697010975,-27.79993788055034,-26.384694967455996,-32.242546352894934,0.47737929534785734,0.5312404303610249
360,-26.990308177804355,,-29.150488147990185,,-23.609081166567826,-31.02476093960946,-26.3991632674602,-32.26148964070487,0.47896785160566396,0.5330290820135373
361,-25.723996458547457,,-36.87556373296041,,-25.826073727210016,-31.957513769245317,-26.404847590889887,-32.27217856326381,0.48039805040974304,0.5346827100267363
362,-27.797939784109424,,,,-23.1562824720916,-32.96503691546886,-26.406693696364474,-32.28353979483882,0.4817587968514518,0.5363484859838409
363,-25.826073727210016,,,,-26.24832410494014,-25.752441688931,-26.406693696364474,-32.287188974229004,0.48308595607142824,0.5378868233454236
364,-27.83177342767615,,,,-27.0961840770343,-30.918320100748993,-26.407824591518974,-32.34449438177295,0.4844338608058246,0.5403218337312292
365,-20.30747785116489,,,,-25.991753659312636,-28.906892875180887,-26.415073969335836,-32.34449438177295,0.4858944261874825,0.5418021675222736
366,-25.940538697010975,,,,-28.234854866852064,-33.228064861483865,-26.415073969335836,-32.38000253787923,0.48722200658690185,0.5438789230609808
367,-23.609081166567826,,,,-25.97869639029778,-33.316441247267726,-26.42814931841458,-32.3991027389699,0.48879141695051276,0.5456825775228363
368,-25.826073727210016,,,,-28.197086875624663,-33.02452360384423,-26.43631165200735,-32.40871244166435,0.49027102794585237,0.5473277020503035
369,-23.1562824720916,,,,-25.826073727210016,-28.906892875180887,-26.446983800397792,-32.43964544375734,0.49179813096238856,0.5493347961677866
370,-26.24832410494014,,,,-26.047859378563757,-33.02452360384423,-26.46344222077777,-32.44880869766431,0.4934341968494397,0.5509750752487951
371,-27.0961840770343,,,,-22.36267248502195,-32.83352294246134,-26.46922146549385,-32.45199141823223,0.4948722577272829,0.5525143709707122
372,-25.991753659312636,,,,-25.86399984214059,-33.249827387459,-26.490782275938752,-32.45404202404781,0.4966067470284799,0.5540346312859881
373,-28.234854866852064,,,,-24.416959722892106,-32.646659545623635,-26.49959334184053,-32.47190899987701,0.49810375098759363,0.5558258101282413
374,-25.97869639029778,,,,-27.912664094926665,-28.51978589966555,-26.50346356213806,-32.48926959169499,0.4995085209111778,0.557609933416238
375,-28.197086875624663,,,,-27.872317612501288,-32.44880869766431,-26.506262362399994,-32.51323674789254,0.5008934330471525,0.5595093359540214
376,-25.826073727210016,,,,-25.152823375292833,-30.95317868813338,-26.51428826700733,-32.528708620893894,0.502377666712506,0.5612643510602228
377,-26.047859378563757,,,,-23.635005512506936,-27.5690640484199,-26.514521523491847,-32.54137316097312,0.5037146648021338,0.5629722149743609
378,-22.36267248502195,,,,-24.477724822039228,-29.437124092318356,-26.515621971115056,-32.5496971108663,0.5050682045502162,0.5646059464120473
379,-25.86399984214059,,,,-25.49037265191965,-32.06338682157333,-26.522256176582335,-32.605632332917985,0.5065275397649034,0.5670684823639212
380,-24.416959722892106,,,,-27.912664094926665,-26.999486454490373,-26.529159969546882,-32.606699174405044,0.5079927040161064,0.5685793708940249
381,-27.912664094926665,,,,-24.95495179310868,-30.21231040909882,-26.555414036168518,-32.62465918967312,0.5098300627768356,0.5703857049858021
382,-27.872317612501288,,,,-24.416959722892106,-26.347334629506893,-26.560471371149116,-32.638193824788296,0.5112620450008764,0.5721161104026334
383,-25.152823375292833,,,,-17.706766300417097,-37.83002210441539,-26.560471371149116,-32.646659545623635,0.5125969328468315,0.5737586695391516
384,-23.635005512506936,,,,-28.004088970464636,-38.607587409972524,-26.561631451979906,-32.67719467994071,0.5139542676759442,0.575790879290356
385,-24.477724822039228,,,,-24.416959722892106,-34.59726096687428,-26.56296194676493,-32.68884450825702,0.5153150251021795,0.5774922498468126
386,-25.49037265191965,,,,-25.18221380536666,-32.38000253787923,-26.56296194676493,-32.712844900212495,0.5166500381205789,0.5794134412922741
387,-27.912664094926665,,,,-25.756078096819053,-36.83265888859467,-26.567032363852913,-32.77977060368401,0.5180644253897754,0.5820990919706533
388,-24.95495179310868,,,,-25.361713610031998,-32.79887440577616,-26.58446686363951,-32.7920777071454,0.5197404967444282,0.5838184586439444
389,-24.416959722892106,,,,-26.73890313105974,-22.622228316233375,-26.585832448782682,-32.7920777071454,0.5211033571159798,0.5853192773036976
390,-17.706766300417097,,,,-27.52913930509447,-30.664870020307166,-26.59167752632105,-32.7966904375609,0.5225543814803862,0.5869026415992974
391,-28.004088970464636,,,,-26.347861741573784,-31.171843456740195,-26.59707111986376,-32.79887440577616,0.5239970985483452,0.5884428538303065
392,-0.381795965157649,,,,-25.957258432457618,-27.862042811683374,-26.602746966105865,-32.805826310611124,0.5254459326965301,0.5900690254856281
393,-24.416959722892106,,,,-27.753826981656093,-31.184579727272546,-26.602746966105865,-32.81029610978832,0.5267829452479206,0.5916510749609625
394,-25.18221380536666,,,,-26.87685816962326,-31.532481893763173,-26.603936843495852,-32.810973984699004,0.5281435793447775,0.5931649822274172
395,-25.756078096819053,,,,-27.753826981656093,-31.532481893763173,-26.604637156632908,-32.81731619079894,0.529494589569165,0.5947816119808846
396,-25.361713610031998,,,,-25.58828637995369,-30.564731419198356,-26.609411382145716,-32.81927796975321,0.5309269553330229,0.5963192308507053
397,-26.73890313105974,,,,-27.52913930509447,-31.606847055119477,-26.61627408838893,-32.83352294246134,0.5324015765726167,0.598080774458586
398,-27.52913930509447,,,,-25.82766906666093,-31.47395356179409,-26.620976278438945,-32.881422296851184,0.5338335625451632,0.6004581954409409
399,11.670300450357239,,,,-23.043146713121917,-27.862042811683374,-26.620976278438945,-32.8969811795311,0.5351714912733466,0.6022479410388516
400,-26.347861741573784,,,,-26.555414036168518,-33.63668869198663,-26.638380109809013,-32.96503691546886,0.5368601704539738,0.6050025780181956
401,-25.957258432457618,,,,-25.754232834981483,-32.605632332917985,-26.645606545091557,-32.977257870263706,0.5383449759947337,0.6067361613764173
402,-27.753826981656093,,,,-24.285634257632523,-37.60315693090519,-26.651252674552282,-32.977515023555206,0.5397985001612284,0.6082501983461778
403,-26.87685816962326,,,,-26.019729556324634,-32.81029610978832,-26.695082925168858,-32.982089024829754,0.5420278978950237,0.6098440780611899
404,-27.753826981656093,,,,-27.40311197628614,-31.568852466825074,-26.695082925168858,-33.02291625316672,0.5433695511076352,0.6121103636282714
405,-25.58828637995369,,,,-26.265371995711718,-32.68884450825702,-26.711240249459248,-33.02452360384423,0.5450408933344175,0.6136516145417007
406,-27.52913930509447,,,,-27.782271515963277,-27.37990600172963,-26.711240249459248,-33.02452360384423,0.5463833585889357,0.6151630717203749
407,-25.82766906666093,,,,-24.145559199005497,-32.810973984699004,-26.722507806078806,-33.03894768706463,0.5479568700874515,0.6169438731243114
408,-23.043146713121917,,,,-24.517313123819125,-32.287188974229004,-26.723537324959295,-33.07122541278685,0.5493210641148815,0.6190601971385435
409,-26.555414036168518,,,,-25.968973992248195,-27.89333957513706,-26.72653933220775,-33.08884263686315,0.5507260066432065,0.6209043748322371
410,-25.754232834981483,,,,-25.867462864095316,-32.02613865922734,-26.73890313105974,-33.08884263686315,0.5523246301384607,0.622418775746462
411,-24.285634257632523,,,,-24.529342335848337,-31.717659167706834,-26.742250161241454,-33.12563876543064,0.5537377908900939,0.6246270155367664
412,-26.019729556324634,,,,-27.40311197628614,-30.655118668445862,-26.792389442366908,-33.14094033427467,0.5561225424534639,0.6264323318318338
413,-27.40311197628614,,,,-27.45276940938222,-30.141494072049635,-26.794074867539997,-33.14471772580435,0.557504154771241,0.6280206905358315
414,-26.265371995711718,,,,-27.35261591355254,-34.938215117343994,-26.79767891535741,-33.14958347360684,0.5589259536995091,0.6296300668132708
415,-27.782271515963277,,,,-26.808993954632122,-29.58652164861989,-26.79767891535741,-33.183424056356955,0.560272763226496,0.6317915511370554
416,-24.145559199005497,,,,-26.265371995711718,-35.802889503371276,-26.80351980422761,-33.19024995039226,0.56174198475499,0.6334405539679102
417,-24.517313123819125,,,,-28.040617809030255,-32.43964544375734,-26.808993954632122,-33.19166672613036,0.5632040889395412,0.6349867002691095
418,-25.968973992248195,,,,-26.999219729729802,-34.670039817762216,-26.819952159208736,-33.217829307709245,0.5647822281508406,0.6370075185329855
419,-25.867462864095316,,,,-24.427003445718213,-28.902017555505452,-26.846669708607166,-33.217999921998704,0.5666941256801583,0.6385311024965751
420,-24.529342335848337,,,,-25.02562112901813,-28.500961880072005,-26.8554804304785,-33.228064861483865,0.5682298217369346,0.6402453480179733
421,-27.40311197628614,,,,-26.561631451979906,-24.12086456704048,-26.85865944409644,-33.24452917230824,0.5696469601732351,0.6420841121566804
422,-27.45276940938222,,,,-23.89668910699736,-33.459934370277004,-26.863440433317834,-33.249827387459,0.5710984750659657,0.6437082105880303
423,-27.35261591355254,,,,-29.40403688183045,-33.32334362075022,-26.87685816962326,-33.316441247267726,0.5727345159678099,0.6465226555735452
424,-26.808993954632122,,,,-23.89668910699736,-33.42096195099939,-26.88337275639873,-33.32334362075022,0.5742244554310824,0.6481817331662173
425,-26.265371995711718,,,,-26.56296194676493,-31.627871584547933,-26.9186240984838,-33.36313801575586,0.5763303063891125,0.6504827399292378
426,-28.040617809030255,,,,-27.778167509473946,-30.009207504365335,-26.92460428089712,-33.39058574760979,0.5778115312620957,0.652546100713497
427,-26.999219729729802,,,,-26.404847590889887,-33.03894768706463,-26.938870740845037,-33.41131823678724,0.5794716001465294,0.654480431839149
428,-24.427003445718213,,,,-23.897898988316204,-34.02549752664516,-26.98162862350859,-33.415776740309184,0.5817474029289538,0.6560971315553252
429,-25.02562112901813,,,,-26.56296194676493,-29.18381868773284,-26.990308177804355,-33.42096195099939,0.583291032448999,0.6577285410668533
430,-26.561631451979906,,,,-24.7541421185294,-33.82004216164635,-26.990308177804355,-33.449149079560925,0.5846475232221363,0.6598141584577838
431,-23.89668910699736,,,,-27.07439084324477,-34.54354149314996,-26.999219729729802,-33.45412387959288,0.5861974984551335,0.661443409808739
432,-29.40403688183045,,,,-33.88381521459004,-31.026062237104817,-27.006958193970803,-33.459934370277004,0.5877228408275436,0.6630896777654839
433,-23.89668910699736,,,,-24.143622845283844,-30.91824257620312,-27.00879801700825,-33.530725076084394,0.5891202989240973,0.6660271920034548
434,-26.56296194676493,,,,-23.74328032012272,-30.25929251793048,-27.04658388143097,-33.614128152288,0.5913038094519761,0.6692222852598341
435,-27.778167509473946,,,,-24.327225206237273,-35.01770228865171,-27.048599493124545,-33.63668869198663,0.5927072960075296,0.6712109166899166
436,-26.404847590889887,,,,-26.819952159208736,-29.29650600904499,-27.054462312305713,-33.650678498533544,0.5941954811459953,0.67303019431176
437,-23.897898988316204,,,,-24.988848357788207,-30.25929251793048,-27.063992430557846,-33.75790115272001,0.5957649845719741,0.6767197225640018
438,-26.56296194676493,,,,-27.729953294541513,-35.777382531821466,-27.063992430557846,-33.77178647877492,0.5971251786006772,0.6785437291419141
439,-24.7541421185294,,,,-28.446047315585,-31.576550593695607,-27.07439084324477,-33.82004216164635,0.5987153201475692,0.6810611499941855
440,-27.07439084324477,,,,-24.490294544529362,-34.46384522940994,-27.0961840770343,-33.86197369242122,0.6005590614047241,0.683455344017362
441,-33.88381521459004,,,,-28.7139907976078,-30.86058756971642,-27.12781977395855,-33.894681862275206,0.6026236359925197,0.6856667938256845
442,-24.143622845283844,,,,-33.88381521459004,-34.99105717252401,-27.14457448343855,-33.90088515272,0.6043600729244563,0.6873438485009389
443,-23.74328032012272,,,,-28.549268315585,-30.214304362918636,-27.144896926218053,-33.90352835383444,0.6057315121105007,0.6889491268915139
444,-24.327225206237273,,,,-27.578507394585245,-25.691298843990104,-27.152109641612,-33.929305441631655,0.6072570846932231,0.6910258066732384
445,-26.819952159208736,,,,-28.79876190394782,-35.01770228865171,-27.154743227805454,-33.93581092590015,0.6086807398854016,0.6927114662244749
446,-24.988848357788207,,,,-25.398685377279033,-34.90169099688043,-27.157691542289523,-33.952382571880015,0.6101117303329388,0.6946036565180661
447,-27.729953294541513,,,,-27.726607293431766,-30.304280672942326,-27.17135777690912,-33.9849037808418,0.6117843394777231,0.6968243925703594
448,-28.446047315585,,,,-23.933120680443025,-26.137452751480478,-27.17135777690912,-34.002476774893125,0.6131499295212003,0.6987409240341194
449,-24.490294544529362,,,,-23.933120680443025,-35.313054269188264,-27.193304722323766,-34.02549752664516,0.6150118782183402,0.7007712632039067
450,-28.7139907976078,,,,-27.449812784634073,-32.041105018730796,-27.203085304810696,-34.052896805043225,0.6166002634042063,0.7028940878170021
451,-33.88381521459004,,,,-26.92460428089712,-29.68122787878991,-27.208201813275632,-34.054696294574235,0.6180836787984152,0.7044898373509502
452,-28.549268315585,,,,-26.35756394410128,-29.342936422599035,-27.214631170606193,-34.1029934376935,0.6195974982142269,0.7070497771109252
453,-27.578507394585245,,,,-27.17135777690912,-35.250274612195355,-27.219874445548193,-34.10869962356725,0.6210849006538376,0.7087291596375033
454,-28.79876190394782,,,,-27.982810252336467,-29.36670379823868,-27.251073208756793,-34.10869962356725,0.6231663695953911,0.7102902370816387
455,-25.398685377279033,,,,-28.75724994001682,-27.146979151114905,-27.28636940448839,-34.14477671863903,0.6253448788768702,0.7126042464122004
456,-27.726607293431766,,,,-26.01544502645818,-30.308263522110693,-27.28636940448839,-34.25743251289493,0.6267162492252842,0.7165232665418193
457,-23.933120680443025,,,,-22.963104413103302,-29.006022690607825,-27.292357998524995,-34.261384324140614,0.6282254672190662,0.7181739875018105
458,-23.933120680443025,,,,-26.585832448782682,-32.51323674789254,-27.2939464445951,-34.33820505011866,0.629633781809647,0.721355855457758
459,-27.449812784634073,,,,-23.887030681253655,-32.2209308728619,-27.35261591355254,-34.45341597123683,0.6323619055105737,0.7253529898313135
460,-26.92460428089712,,,,-27.17135777690912,-29.890239759896843,-27.361148135897732,-34.46384522940994,0.6339342895647531,0.7271498902338808
461,1.0580956887958672,,,,-26.415073969335836,-35.563210351379674,-27.362831614910466,-34.529820575158276,0.6353485075465818,0.73012224992178
462,-26.35756394410128,,,,-26.61627408838893,-36.385154356341936,-27.375176609888047,-34.54354149314996,0.6370109845717338,0.7319933536041918
463,-27.17135777690912,,,,-25.18018304308796,-30.517502711096117,-27.38155405859151,-34.56217736713347,0.6385355397995897,0.7339700883358684
464,-27.982810252336467,,,,-25.38692383634717,-30.517502711096117,-27.383110052285264,-34.5749969117,0.6399480578241968,0.7358247458447825
465,-28.75724994001682,,,,-25.80040542286557,-28.735911375935878,-27.393923281996276,-34.59726096687428,0.641577540726954,0.737882007032406
466,-26.01544502645818,,,,-25.091611575978302,-28.98997042514904,-27.393923281996276,-34.64044586901361,0.6429543165654238,0.7403884584294556
467,-22.963104413103302,,,,-25.21157687264051,-32.40871244166435,-27.395895210874947,-34.64934822132623,0.6443774740439188,0.7421645547832404
468,-26.585832448782682,,,,-24.59281725871784,-26.791128424775412,-27.40311197628614,-34.66387417654853,0.6459244568682703,0.7440621769978089
469,-23.887030681253655,,,,-25.269453041135836,-30.90953093348426,-27.40311197628614,-34.670039817762216,0.647301694516177,0.7457812915686172
470,-27.17135777690912,,,,-27.661425911536277,-27.17652815034058,-27.422178569322824,-34.68515488701866,0.6491302713120516,0.7476938897236726
471,-26.415073969335836,,,,-27.865124849015398,-31.483967291561765,-27.422178569322824,-34.83561293839281,0.6505084672171726,0.7525315998427284
472,-26.61627408838893,,,,-27.219874445548193,-32.242546352894934,-27.422178569322824,-34.87963047789144,0.6518866631222938,0.7550788439570129
473,-25.18018304308796,,,,-24.7171036388608,-28.735911375935878,-27.44155441827558,-34.892065573158526,0.6537264401961999,0.7569449708587912
474,-25.38692383634717,,,,-26.415073969335836,-35.785585575671135,-27.449812784634073,-34.90169099688043,0.6553027598894667,0.7587511546875549
475,-25.80040542286557,,,,-26.130772712998564,-34.87963047789144,-27.45276940938222,-34.938215117343994,0.6567530760319688,0.7611442193969862
476,-25.091611575978302,,,,-26.620976278438945,-34.25743251289493,-27.457289450606545,-34.94656978630428,0.6582411695793581,0.7629256543476307
477,-25.21157687264051,,,,-26.0040376793234,-32.54137316097312,-27.457289450606545,-34.99105717252401,0.6596211301025853,0.7654983284391659
478,-24.59281725871784,,,,-26.79767891535741,-26.737269012569463,-27.52913930509447,-35.01770228865171,0.6627307891185665,0.7676839232852734
479,-25.269453041135836,,,,-19.811797412519155,-32.5496971108663,-27.52913930509447,-35.01770228865171,0.6641143607033652,0.7692866037096685
480,10.264776576854713,,,,-26.267571004602033,-28.264341398391288,-27.531191541211285,-35.08475551436155,0.665547543679104,0.7723654122003841
481,-27.661425911536277,,,,-26.267571004602033,-30.01637879720362,-27.578507394585245,-35.08667262673926,0.6680774245081147,0.7740134530766468
482,-27.865124849015398,,,,-26.130772712998564,-25.888789920137086,-27.60266226221147,-35.08667262673926,0.6700498324725429,0.7756192901162249
483,-27.219874445548193,,,,-26.79767891535741,-28.264341398391288,-27.629709455373483,-35.103118928291416,0.6720950244727015,0.7775894386694967
484,-24.7171036388608,,,,-25.962249027818967,-31.19563332419335,-27.65536621356607,-35.16924516783051,0.6741090428427271,0.7806638553469106
485,-26.415073969335836,,,,-26.620976278438945,-29.132155723245173,-27.661425911536277,-35.20202372549707,0.675646970163671,0.7830025686843605
486,10.264776576854713,,,,-27.28636940448839,-31.48883384687454,-27.672387465285862,-35.2192015243961,0.6773054837227397,0.7849965589803778
487,-26.130772712998564,,,,-28.00451863993712,-31.48883384687454,-27.68365166285402,-35.250274612195355,0.6789725217811463,0.7873024680373618
488,-26.620976278438945,,,,-27.28636940448839,-29.24643413053313,-27.711490455510003,-35.313054269188264,0.6810480355783889,0.790320827576209
489,-26.0040376793234,,,,-25.134823547176637,-33.02291625316672,-27.712698013409998,-35.343262150517546,0.6824705099355933,0.7926144730694091
490,-26.79767891535741,,,,-23.540291597586794,-28.612788835877392,-27.726607293431766,-35.4249091171293,0.6842065447211324,0.7960668202559957
491,-19.811797412519155,,,,-23.05055528309384,-26.820977289003,-27.729953294541513,-35.4529738864852,0.6856827778178625,0.7983200921899116
492,-26.267571004602033,,,,-27.38155405859151,-30.795760104316006,-27.74500614449571,-35.491683440639946,0.6874494126462273,0.800816116501891
493,-26.267571004602033,,,,-25.94063346169169,-31.776363545330913,-27.746591894331253,-35.54253025442474,0.6888832038338194,0.8035900984972754
494,-26.130772712998564,,,,-23.540291597586794,-21.84513522014999,-27.753826981656093,-35.56017197373795,0.6904576982250731,0.8056164726378262
495,-26.79767891535741,,,,-22.072258902694568,-29.30490718334247,-27.753826981656093,-35.563210351379674,0.6918525622618915,0.8073129542348032
496,-25.962249027818967,,,,-24.953400047596183,-24.254592240874757,-27.778167509473946,-35.61941474526728,0.6938554148213604,0.8102190577849087
497,-26.620976278438945,,,,-26.794074867539997,-29.01111212829649,-27.778965676576647,-35.61941474526728,0.6952714792624174,0.8118492772170715
498,-27.28636940448839,,,,-26.723537324959295,-32.977515023555206,-27.782271515963277,-35.64186345841001,0.6967505137490445,0.8139921824414733
499,-28.00451863993712,,,,-19.68933309383382,-33.217829307709245,-27.797939784109424,-35.69001505125131,0.698540538717843,0.8167253236307476
500,-27.28636940448839,,,,-23.05055528309384,-28.834450337169002,-27.80573490706095,-35.777382531821466,0.7001338969239824,0.8203620781210721
501,-25.134823547176637,,,,-24.953400047596183,-29.01111212829649,-27.80593316367081,-35.785585575671135,0.701536371734195,0.8221879955587027
502,12.454550622291565,,,,-23.064496949176107,-28.675349137169,-27.81096939073878,-35.802889503371276,0.703061170342091,0.8242241768016509
503,-23.540291597586794,,,,-24.129977343239393,-29.150488147990185,-27.812925208657585,-35.803085155175545,0.7045084476310144,0.8258673065420651
504,-23.05055528309384,,,,-22.607276198387186,-36.87556373296041,-27.83177342767615,-35.85068161857291,0.7063846593013748,0.8286060148844944
505,-27.38155405859151,,,,-23.339163373552967,-30.618518950701134,-27.837264455510002,-35.9674870529259,0.7079230818732303,0.8329518536441518
506,-25.94063346169169,,,,-23.339163373552967,-30.56814769890301,-27.85421267992636,-35.97923828460112,0.709753997542994,0.8348706818878646
507,-2.6981564411764767,,,,-22.57113638154829,-27.39986082935779,-27.865124849015398,-36.0036832628403,0.711432508532585,0.8370857154214227
508,-23.540291597586794,,,,-24.412695545442283,-29.77676081351709,-27.872317612501288,-36.09601073813426,0.7130169682347486,0.8408843615705706
509,-22.072258902694568,,,,-26.59707111986376,-35.9674870529259,-27.886223141246283,-36.158912568713376,0.7147742112157599,0.8440046191619243
510,-24.953400047596183,,,,-25.291237038664114,-27.058392731259612,-27.912664094926665,-36.277607439882885,0.7168547875054305,0.8484354833780726
511,-26.794074867539997,,,,-23.339163373552967,-27.39986082935779,-27.912664094926665,-36.32328621208915,0.7182576344477112,0.8511662207976942
512,-26.723537324959295,,,,-21.066457882919234,-32.977257870263706,-27.92875109329737,-36.34750561299545,0.7200752457045773,0.8533972982811843
513,-19.68933309383382,,,,-20.325016570605996,-29.77676081351709,-27.953630919860295,-36.37619001844592,0.7221216176821315,0.8557356301822449
514,-23.05055528309384,,,,-24.531046677240067,-30.141311967260332,-27.982810252336467,-36.385154356341936,0.724281775028189,0.8576117783109782
515,-24.953400047596183,,,,-24.84369379045105,-31.69810210385231,-28.004088970464636,-36.65193725120575,0.7262399759544242,0.865577427155601
516,-23.064496949176107,,,,-23.866311184618915,-31.50950635778581,-28.00451863993712,-36.683660415708005,0.727658582133696,0.8680055335068492
517,-24.129977343239393,,,,-26.11897476985185,-29.563023475020856,-28.005696431873275,-36.83265888859467,0.729096708026244,0.873216869066874
518,-22.607276198387186,,,,-23.879689720770546,-27.111481439112563,-28.012071151292307,-36.87556373296041,0.7306705096395976,0.8759217538710256
519,-23.339163373552967,,,,-24.545573208933952,-28.82771313743145,-28.01685922154,-36.9155776324493,0.732203485913856,0.8785617637707865
520,-23.339163373552967,,,,-17.580643978399948,-31.2863109192468,-28.040617809030255,-36.95703946942641,0.7342336797679224,0.8812399624046995
521,12.97368416986578,,,,-23.750326845618027,-31.021421943803187,-28.058616182331274,-37.09625006224206,0.7361151430863312,0.8862572473842644
522,-22.57113638154829,,,,-22.18594072323983,-30.566205897361137,-28.09133864356379,-37.2154333536287,0.7383854406097132,0.8908078912053325
523,-24.412695545442283,,,,-21.22736423730694,-28.1952491535814,-28.104048536010623,-37.22311935605993,0.7401319878415689,0.8926954846782255
524,-26.59707111986376,,,,-24.545573208933952,-34.56217736713347,-28.10911614694735,-37.37980295538369,0.7416781658317452,0.8981639039170117
525,-25.291237038664114,,,,-25.735799257803702,-22.32211760312779,-28.121885294729545,-37.412101815708,0.7434284505623486,0.9006522492933752
526,-23.339163373552967,,,,-21.22736423730694,-28.1952491535814,-28.175507221540002,-37.47874369410473,0.7462620535883544,0.9039718906379061
527,-21.066457882919234,,,,-25.43824274558626,-29.522738809003766,-28.197086875624663,-37.60315693090519,0.7482507581594116,0.9086936975548972
528,-20.325016570605996,,,,-26.490782275938752,-28.102019703632465,-28.222299387459405,-37.790164537710005,0.7503382176019332,0.9149423727681648
529,-24.531046677240067,,,,-23.958714863326044,-26.456314155285003,-28.234854866852064,-37.83002210441539,0.752091066296243,0.9176387631646562
530,-24.84369379045105,,,,-26.609411382145716,-27.704121549156522,-28.24025263577863,-37.869167,0.7536541575524863,0.9203214821373332
531,-23.866311184618915,,,,-24.88511902746006,-24.70348931710202,-28.248662582502472,-38.13832330324069,0.7552983294489375,0.928608200341346
532,-26.11897476985185,,,,-24.190196014796978,-29.040049991083155,-28.254831221539998,-38.607587409972524,0.7568833071008172,0.9418010247122747
533,-23.879689720770546,,,,-24.607408472742307,-29.883190577127124,-28.446047315585,-39.155859548241935,0.7634352096501958,0.9569677567442728
534,-24.545573208933952,,,,-24.121851285183148,-30.30533912527179,-28.458850019258918,-39.189137136805314,0.7652091060922822,0.9595746572661374
535,-17.580643978399948,,,,-22.4791218971413,-26.456314155285003,-28.549268315585,-40.7639184494783,0.7690751388982506,1.0
536,-23.750326845618027,,,,-25.97540576543692,,-28.7139907976078,,0.7749556397431886,
537,-22.18594072323983,,,,-23.512763300400884,,-28.75724994001682,,0.7775684458187758,
538,-21.22736423730694,,,,-24.708796074814153,,-28.79876190394782,,0.7801382703282609,
539,-24.545573208933952,,,,-24.139449683867422,,-28.805870443734676,,0.7817785737871823,
540,-25.735799257803702,,,,-24.699493317336223,,-28.805870443734676,,0.7832263118867882,
541,-21.22736423730694,,,,-24.32612450452901,,-28.899482976423226,,0.787224062328416,
542,-25.43824274558626,,,,-24.190196014796978,,-28.930278978948916,,0.7895169384025581,
543,-26.490782275938752,,,,-24.699493317336223,,-29.06620992354523,,0.7946873614602695,
544,-23.958714863326044,,,,-26.514521523491847,,-29.071216002198003,,0.7962853045632483,
545,-26.609411382145716,,,,-25.73645950309547,,-29.089545858453207,,0.7982493700820198,
546,-24.88511902746006,,,,-24.288610606899393,,-29.289694223138447,,0.8052137173046713,
547,-24.190196014796978,,,,-23.002777611252835,,-29.401143821448677,,0.809755274664015,
548,-24.607408472742307,,,,-24.950205464934527,,-29.40403688183045,,0.8113127552592545,
549,-24.121851285183148,,,,-24.65995964495827,,-29.48337157008727,,0.8149835369711956,
550,-22.4791218971413,,,,-24.51010446184671,,-29.526770375476474,,0.8176671423079452,
551,-25.97540576543692,,,,-12.993041685986357,,-29.531613906659654,,0.8192854841455229,
552,-23.512763300400884,,,,-22.775970930832788,,-29.600804483607384,,0.8226927049479593,
553,-24.708796074814153,,,,-20.60504566474429,,-29.612862608388586,,0.8245161316768851,
554,-24.139449683867422,,,,-12.993041685986357,,-29.716411248240757,,0.8288927550922472,
555,-24.699493317336223,,,,-24.075410759584265,,-29.729628302667088,,0.8307555888553738,
556,-24.32612450452901,,,,-23.460840327020673,,-29.769119397008996,,0.8333552653376706,
557,-24.190196014796978,,,,-24.610007917254418,,-30.07039926592525,,0.8433005705261465,
558,-24.699493317336223,,,,-12.993041685986357,,-33.88381521459004,,0.9519477531904292,
559,-26.514521523491847,,,,-23.398315956659957,,-33.88381521459004,,0.9536507008705551,
560,-25.73645950309547,,,,-12.993041685986357,,-35.46730079064801,,1.0,
561,-24.288610606899393,,,,,,,,,
562,-23.002777611252835,,,,,,,,,
563,-24.950205464934527,,,,,,,,,
564,-24.65995964495827,,,,,,,,,
565,-24.51010446184671,,,,,,,,,
566,-12.993041685986357,,,,,,,,,
567,-22.775970930832788,,,,,,,,,
568,-20.60504566474429,,,,,,,,,
569,-12.993041685986357,,,,,,,,,
570,-24.075410759584265,,,,,,,,,
571,-23.460840327020673,,,,,,,,,
572,-24.610007917254418,,,,,,,,,
573,-12.993041685986357,,,,,,,,,
574,-23.398315956659957,,,,,,,,,
575,-12.993041685986357,,,,,,,,,
